hazard_mode,epsilon,reliability,start_action_gap,exact_choice
recoverable,0,0.55,-0.227936842042,shelter
recoverable,0,0.5515,-0.228400444993,shelter
recoverable,0,0.553,-0.228858654671,shelter
recoverable,0,0.5545,-0.229311510157,shelter
recoverable,0,0.556,-0.229759050829,shelter
recoverable,0,0.5575,-0.230201316266,shelter
recoverable,0,0.559,-0.230638346339,shelter
recoverable,0,0.5605,-0.231070181111,shelter
recoverable,0,0.562,-0.231496860928,shelter
recoverable,0,0.5635,-0.231918426334,shelter
recoverable,0,0.565,-0.232334918101,shelter
recoverable,0,0.5665,-0.232746377262,shelter
recoverable,0,0.568,-0.233152845024,shelter
recoverable,0,0.5695,-0.233554362858,shelter
recoverable,0,0.571,-0.233950972404,shelter
recoverable,0,0.5725,-0.234342715559,shelter
recoverable,0,0.574,-0.23472963438,shelter
recoverable,0,0.5755,-0.235111771177,shelter
recoverable,0,0.577,-0.235489168413,shelter
recoverable,0,0.5785,-0.235861868795,shelter
recoverable,0,0.58,-0.23622991518,shelter
recoverable,0,0.5815,-0.236593350662,shelter
recoverable,0,0.583,-0.236952218476,shelter
recoverable,0,0.5845,-0.237306562091,shelter
recoverable,0,0.586,-0.237656425111,shelter
recoverable,0,0.5875,-0.238001851368,shelter
recoverable,0,0.589,-0.238342884821,shelter
recoverable,0,0.5905,-0.238679569655,shelter
recoverable,0,0.592,-0.239011950175,shelter
recoverable,0,0.5935,-0.239340070904,shelter
recoverable,0,0.595,-0.239663976484,shelter
recoverable,0,0.5965,-0.239983711769,shelter
recoverable,0,0.598,-0.240299321724,shelter
recoverable,0,0.5995,-0.240610851524,shelter
recoverable,0,0.601,-0.240918346448,shelter
recoverable,0,0.6025,-0.241221851982,shelter
recoverable,0,0.604,-0.24152141371,shelter
recoverable,0,0.6055,-0.24181707742,shelter
recoverable,0,0.607,-0.242108888992,shelter
recoverable,0,0.6085,-0.242396894493,shelter
recoverable,0,0.61,-0.242681140129,shelter
recoverable,0,0.6115,-0.242961672212,shelter
recoverable,0,0.613,-0.243238537241,shelter
recoverable,0,0.6145,-0.243511781802,shelter
recoverable,0,0.616,-0.243781452665,shelter
recoverable,0,0.6175,-0.244047596685,shelter
recoverable,0,0.619,-0.244310260895,shelter
recoverable,0,0.6205,-0.244569492408,shelter
recoverable,0,0.622,-0.244825338516,shelter
recoverable,0,0.6235,-0.245077846582,shelter
recoverable,0,0.625,-0.245327064135,shelter
recoverable,0,0.6265,-0.245573038824,shelter
recoverable,0,0.628,-0.24581581838,shelter
recoverable,0,0.6295,-0.246055450703,shelter
recoverable,0,0.631,-0.246291983761,shelter
recoverable,0,0.6325,-0.246525465688,shelter
recoverable,0,0.634,-0.246755944679,shelter
recoverable,0,0.6355,-0.246983469085,shelter
recoverable,0,0.637,-0.247208087361,shelter
recoverable,0,0.6385,-0.247429848041,shelter
recoverable,0,0.64,-0.247648799813,shelter
recoverable,0,0.6415,-0.247864991423,shelter
recoverable,0,0.643,-0.248078471776,shelter
recoverable,0,0.6445,-0.248289289826,shelter
recoverable,0,0.646,-0.248497494673,shelter
recoverable,0,0.6475,-0.248703135518,shelter
recoverable,0,0.649,-0.248906261623,shelter
recoverable,0,0.6505,-0.249106922404,shelter
recoverable,0,0.652,-0.249305167321,shelter
recoverable,0,0.6535,-0.249501045975,shelter
recoverable,0,0.655,-0.24969460806,shelter
recoverable,0,0.6565,-0.249885903328,shelter
recoverable,0,0.658,-0.250074981679,shelter
recoverable,0,0.6595,-0.250261893054,shelter
recoverable,0,0.661,-0.25042098771,shelter
recoverable,0,0.6625,-0.250539197163,shelter
recoverable,0,0.664,-0.250655761764,shelter
recoverable,0,0.6655,-0.250744713006,shelter
recoverable,0,0.667,-0.250774450446,shelter
recoverable,0,0.6685,-0.250803345542,shelter
recoverable,0,0.67,-0.250831474734,shelter
recoverable,0,0.6715,-0.25085891421,shelter
recoverable,0,0.673,-0.250885739869,shelter
recoverable,0,0.6745,-0.250912027411,shelter
recoverable,0,0.676,-0.250937852218,shelter
recoverable,0,0.6775,-0.25096328946,shelter
recoverable,0,0.679,-0.250988414037,shelter
recoverable,0,0.6805,-0.251013300539,shelter
recoverable,0,0.682,-0.251038023344,shelter
recoverable,0,0.6835,-0.251062656495,shelter
recoverable,0,0.685,-0.251083394324,shelter
recoverable,0,0.6865,-0.251069209946,shelter
recoverable,0,0.688,-0.2510561849,shelter
recoverable,0,0.6895,-0.251044381058,shelter
recoverable,0,0.691,-0.251033860012,shelter
recoverable,0,0.6925,-0.251024683012,shelter
recoverable,0,0.694,-0.251016910913,shelter
recoverable,0,0.6955,-0.25101060431,shelter
recoverable,0,0.697,-0.251005823377,shelter
recoverable,0,0.6985,-0.251002628014,shelter
recoverable,0,0.7,-0.251001077779,shelter
recoverable,0,0.7015,-0.251001231837,shelter
recoverable,0,0.703,-0.251003149096,shelter
recoverable,0,0.7045,-0.251006888047,shelter
recoverable,0,0.706,-0.251012506909,shelter
recoverable,0,0.7075,-0.251013947968,shelter
recoverable,0,0.709,-0.249839506041,shelter
recoverable,0,0.7105,-0.246902841811,shelter
recoverable,0,0.712,-0.243940329245,shelter
recoverable,0,0.7135,-0.240952029631,shelter
recoverable,0,0.715,-0.237938004384,shelter
recoverable,0,0.7165,-0.234898314957,shelter
recoverable,0,0.718,-0.231833022999,shelter
recoverable,0,0.7195,-0.228742190254,shelter
recoverable,0,0.721,-0.225625878481,shelter
recoverable,0,0.7225,-0.222484149598,shelter
recoverable,0,0.724,-0.219317065594,shelter
recoverable,0,0.7255,-0.216124688445,shelter
recoverable,0,0.727,-0.212907080258,shelter
recoverable,0,0.7285,-0.209664303182,shelter
recoverable,0,0.73,-0.206396419328,shelter
recoverable,0,0.7315,-0.203103490937,shelter
recoverable,0,0.733,-0.199785580159,shelter
recoverable,0,0.7345,-0.196442749242,shelter
recoverable,0,0.736,-0.193075060429,shelter
recoverable,0,0.7375,-0.189682575878,shelter
recoverable,0,0.739,-0.186265357814,shelter
recoverable,0,0.7405,-0.182823468436,shelter
recoverable,0,0.742,-0.179356969836,shelter
recoverable,0,0.7435,-0.175865924146,shelter
recoverable,0,0.745,-0.172350393452,shelter
recoverable,0,0.7465,-0.168810439706,shelter
recoverable,0,0.748,-0.165246124882,shelter
recoverable,0,0.7495,-0.161657510879,shelter
recoverable,0,0.751,-0.15804465945,shelter
recoverable,0,0.7525,-0.154407632341,shelter
recoverable,0,0.754,-0.150746491203,shelter
recoverable,0,0.7555,-0.147061297521,shelter
recoverable,0,0.757,-0.143352112779,shelter
recoverable,0,0.7585,-0.139618998241,shelter
recoverable,0,0.76,-0.135862015143,shelter
recoverable,0,0.7615,-0.132081224593,shelter
recoverable,0,0.763,-0.128276687489,shelter
recoverable,0,0.7645,-0.12444846468,shelter
recoverable,0,0.766,-0.12059661687,shelter
recoverable,0,0.7675,-0.116721204534,shelter
recoverable,0,0.769,-0.11282228808,shelter
recoverable,0,0.7705,-0.108899927754,shelter
recoverable,0,0.772,-0.104954183554,shelter
recoverable,0,0.7735,-0.100573469621,shelter
recoverable,0,0.775,-0.0961265016901,shelter
recoverable,0,0.7765,-0.0916596588417,shelter
recoverable,0,0.778,-0.0871730601982,shelter
recoverable,0,0.7795,-0.0826668244246,shelter
recoverable,0,0.781,-0.078141069937,shelter
recoverable,0,0.7825,-0.0735959147723,shelter
recoverable,0,0.784,-0.0690314766412,shelter
recoverable,0,0.7855,-0.064447872824,shelter
recoverable,0,0.787,-0.0598452203528,shelter
recoverable,0,0.7885,-0.0552236357823,shelter
recoverable,0,0.79,-0.0505832353953,shelter
recoverable,0,0.7915,-0.0459241351015,shelter
recoverable,0,0.793,-0.0412464503557,shelter
recoverable,0,0.7945,-0.0365502963281,shelter
recoverable,0,0.796,-0.0318357878074,shelter
recoverable,0,0.7975,-0.0271030391198,shelter
recoverable,0,0.799,-0.0223521642969,shelter
recoverable,0,0.8005,-0.0175832769793,shelter
recoverable,0,0.802,-0.0127964903424,shelter
recoverable,0,0.8035,-0.0079919172537,shelter
recoverable,0,0.805,-0.00316967018487,shelter
recoverable,0,0.8065,0.00166201427956,corridor
recoverable,0,0.808,0.00649617556912,corridor
recoverable,0,0.8095,0.0113470523429,corridor
recoverable,0,0.811,0.0162143680759,corridor
recoverable,0,0.8125,0.0210995806309,corridor
recoverable,0,0.814,0.0260025674246,corridor
recoverable,0,0.8155,0.0309232063716,corridor
recoverable,0,0.817,0.0358613759216,corridor
recoverable,0,0.8185,0.0408169549866,corridor
recoverable,0,0.82,0.0457898229868,corridor
recoverable,0,0.8215,0.0507798598792,corridor
recoverable,0,0.823,0.0557869460974,corridor
recoverable,0,0.8245,0.0608109625864,corridor
recoverable,0,0.826,0.0658517908415,corridor
recoverable,0,0.8275,0.0709093128354,corridor
recoverable,0,0.829,0.075983411064,corridor
recoverable,0,0.8305,0.081073968571,corridor
recoverable,0,0.832,0.0861808688796,corridor
recoverable,0,0.8335,0.0913039960897,corridor
recoverable,0,0.835,0.0964432347825,corridor
recoverable,0,0.8365,0.101598470083,corridor
recoverable,0,0.838,0.106769587636,corridor
recoverable,0,0.8395,0.111956473644,corridor
recoverable,0,0.841,0.117159014802,corridor
recoverable,0,0.8425,0.122377098389,corridor
recoverable,0,0.844,0.127610612175,corridor
recoverable,0,0.8455,0.132859444482,corridor
recoverable,0,0.847,0.138123484162,corridor
recoverable,0,0.8485,0.14340262063,corridor
recoverable,0,0.85,0.148696743802,corridor
recoverable,0,0.8515,0.154005744185,corridor
recoverable,0,0.853,0.159329512783,corridor
recoverable,0,0.8545,0.164667941159,corridor
recoverable,0,0.856,0.170020921419,corridor
recoverable,0,0.8575,0.175388346206,corridor
recoverable,0,0.859,0.180770108729,corridor
recoverable,0,0.8605,0.186166102709,corridor
recoverable,0,0.862,0.191576222454,corridor
recoverable,0,0.8635,0.197000362783,corridor
recoverable,0,0.865,0.202438419074,corridor
recoverable,0,0.8665,0.207890287248,corridor
recoverable,0,0.868,0.213355863788,corridor
recoverable,0,0.8695,0.218835045699,corridor
recoverable,0,0.871,0.224327730569,corridor
recoverable,0,0.8725,0.229833816504,corridor
recoverable,0,0.874,0.235353202166,corridor
recoverable,0,0.8755,0.240885786762,corridor
recoverable,0,0.877,0.246431470065,corridor
recoverable,0,0.8785,0.251990152367,corridor
recoverable,0,0.88,0.257561734545,corridor
recoverable,0,0.8815,0.263146117993,corridor
recoverable,0,0.883,0.268743204661,corridor
recoverable,0,0.8845,0.274352897049,corridor
recoverable,0,0.886,0.279975098199,corridor
recoverable,0,0.8875,0.285609711715,corridor
recoverable,0,0.889,0.291256641724,corridor
recoverable,0,0.8905,0.296915792929,corridor
recoverable,0,0.892,0.302587070554,corridor
recoverable,0,0.8935,0.308270380374,corridor
recoverable,0,0.895,0.313965628709,corridor
recoverable,0,0.8965,0.319672722435,corridor
recoverable,0,0.898,0.325391568948,corridor
recoverable,0,0.8995,0.32736788482,corridor
recoverable,0,0.901,0.328435965415,corridor
recoverable,0,0.9025,0.329493931871,corridor
recoverable,0,0.904,0.330541769241,corridor
recoverable,0,0.9055,0.331579462903,corridor
recoverable,0,0.907,0.332606998592,corridor
recoverable,0,0.9085,0.333624362407,corridor
recoverable,0,0.91,0.334631540788,corridor
recoverable,0,0.9115,0.335628520459,corridor
recoverable,0,0.913,0.336615288584,corridor
recoverable,0,0.9145,0.337591832624,corridor
recoverable,0,0.916,0.338558140373,corridor
recoverable,0,0.9175,0.339514199973,corridor
recoverable,0,0.919,0.340459999848,corridor
recoverable,0,0.9205,0.341395528826,corridor
recoverable,0,0.922,0.34232077594,corridor
recoverable,0,0.9235,0.343181063612,corridor
recoverable,0,0.925,0.343873250291,corridor
recoverable,0,0.9265,0.344563442774,corridor
recoverable,0,0.928,0.345251648465,corridor
recoverable,0,0.9295,0.345937874713,corridor
recoverable,0,0.931,0.346622128969,corridor
recoverable,0,0.9325,0.34730441853,corridor
recoverable,0,0.934,0.347984750835,corridor
recoverable,0,0.9355,0.348663133269,corridor
recoverable,0,0.937,0.349339573216,corridor
recoverable,0,0.9385,0.35001407807,corridor
recoverable,0,0.94,0.350686655225,corridor
recoverable,0,0.9415,0.351357311968,corridor
recoverable,0,0.943,0.352026055731,corridor
recoverable,0,0.9445,0.352692893878,corridor
recoverable,0,0.946,0.35335783377,corridor
recoverable,0,0.9475,0.354020882844,corridor
recoverable,0,0.949,0.354682048258,corridor
recoverable,0,0.9505,0.355341337468,corridor
recoverable,0,0.952,0.355998757808,corridor
recoverable,0,0.9535,0.356654316603,corridor
recoverable,0,0.955,0.357308021173,corridor
recoverable,0,0.9565,0.357959878914,corridor
recoverable,0,0.958,0.35860989693,corridor
recoverable,0,0.9595,0.359258082634,corridor
recoverable,0,0.961,0.359904443309,corridor
recoverable,0,0.9625,0.360548986226,corridor
recoverable,0,0.964,0.361191718648,corridor
recoverable,0,0.9655,0.361832647907,corridor
recoverable,0,0.967,0.362471781054,corridor
recoverable,0,0.9685,0.363109125439,corridor
recoverable,0,0.97,0.363744688276,corridor
recoverable,0,0.9715,0.364378476768,corridor
recoverable,0,0.973,0.365010498108,corridor
recoverable,0,0.9745,0.365640759532,corridor
recoverable,0,0.976,0.366269268069,corridor
recoverable,0,0.9775,0.366896030963,corridor
recoverable,0,0.979,0.36752105535,corridor
recoverable,0,0.9805,0.368144348443,corridor
recoverable,0,0.982,0.368765917128,corridor
recoverable,0,0.9835,0.369385768657,corridor
recoverable,0,0.985,0.370003910101,corridor
recoverable,0,0.9865,0.370620348521,corridor
recoverable,0,0.988,0.371235091006,corridor
recoverable,0,0.9895,0.371848144478,corridor
recoverable,0,0.991,0.372459516042,corridor
recoverable,0,0.9925,0.373069212745,corridor
recoverable,0,0.994,0.373677241415,corridor
recoverable,0,0.9955,0.374283609151,corridor
recoverable,0,0.997,0.374888322892,corridor
recoverable,0,0.9985,0.375491389578,corridor
recoverable,0,1,0.376092816015,corridor
recoverable,0.01,0.55,-0.229770483668,shelter
recoverable,0.01,0.5515,-0.230248662557,shelter
recoverable,0.01,0.553,-0.230721405955,shelter
recoverable,0.01,0.5545,-0.231188751837,shelter
recoverable,0.01,0.556,-0.231650738377,shelter
recoverable,0.01,0.5575,-0.232107404048,shelter
recoverable,0.01,0.559,-0.232558787513,shelter
recoverable,0.01,0.5605,-0.233004927723,shelter
recoverable,0.01,0.562,-0.233445863818,shelter
recoverable,0.01,0.5635,-0.233881635213,shelter
recoverable,0.01,0.565,-0.234312281506,shelter
recoverable,0.01,0.5665,-0.234737842563,shelter
recoverable,0.01,0.568,-0.235158358438,shelter
recoverable,0.01,0.5695,-0.235573869398,shelter
recoverable,0.01,0.571,-0.23598441596,shelter
recoverable,0.01,0.5725,-0.236390038804,shelter
recoverable,0.01,0.574,-0.236790778862,shelter
recoverable,0.01,0.5755,-0.237186677221,shelter
recoverable,0.01,0.577,-0.237577775219,shelter
recoverable,0.01,0.5785,-0.237964114337,shelter
recoverable,0.01,0.58,-0.238345736302,shelter
recoverable,0.01,0.5815,-0.238722682981,shelter
recoverable,0.01,0.583,-0.239094996476,shelter
recoverable,0.01,0.5845,-0.239462719025,shelter
recoverable,0.01,0.586,-0.239825893098,shelter
recoverable,0.01,0.5875,-0.240184561291,shelter
recoverable,0.01,0.589,-0.240538766427,shelter
recoverable,0.01,0.5905,-0.240888551452,shelter
recoverable,0.01,0.592,-0.24123395953,shelter
recoverable,0.01,0.5935,-0.241575033945,shelter
recoverable,0.01,0.595,-0.241911818195,shelter
recoverable,0.01,0.5965,-0.242244355888,shelter
recoverable,0.01,0.598,-0.242572690845,shelter
recoverable,0.01,0.5995,-0.242896866991,shelter
recoverable,0.01,0.601,-0.243216928459,shelter
recoverable,0.01,0.6025,-0.24353291948,shelter
recoverable,0.01,0.604,-0.243844884489,shelter
recoverable,0.01,0.6055,-0.244152868016,shelter
recoverable,0.01,0.607,-0.244456914775,shelter
recoverable,0.01,0.6085,-0.244757069624,shelter
recoverable,0.01,0.61,-0.245053377523,shelter
recoverable,0.01,0.6115,-0.245345883622,shelter
recoverable,0.01,0.613,-0.245634633156,shelter
recoverable,0.01,0.6145,-0.245919671548,shelter
recoverable,0.01,0.616,-0.2462010443,shelter
recoverable,0.01,0.6175,-0.246478797098,shelter
recoverable,0.01,0.619,-0.246752975706,shelter
recoverable,0.01,0.6205,-0.247023626064,shelter
recoverable,0.01,0.622,-0.247290794187,shelter
recoverable,0.01,0.6235,-0.247554526267,shelter
recoverable,0.01,0.625,-0.247814868562,shelter
recoverable,0.01,0.6265,-0.248071867493,shelter
recoverable,0.01,0.628,-0.248325569595,shelter
recoverable,0.01,0.6295,-0.248576021486,shelter
recoverable,0.01,0.631,-0.248823269945,shelter
recoverable,0.01,0.6325,-0.249067361818,shelter
recoverable,0.01,0.634,-0.249308344111,shelter
recoverable,0.01,0.6355,-0.249546263889,shelter
recoverable,0.01,0.637,-0.249781168368,shelter
recoverable,0.01,0.6385,-0.250013104868,shelter
recoverable,0.01,0.64,-0.250242120779,shelter
recoverable,0.01,0.6415,-0.250468263645,shelter
recoverable,0.01,0.643,-0.250691581064,shelter
recoverable,0.01,0.6445,-0.250912120787,shelter
recoverable,0.01,0.646,-0.251129930614,shelter
recoverable,0.01,0.6475,-0.251345058486,shelter
recoverable,0.01,0.649,-0.251557552438,shelter
recoverable,0.01,0.6505,-0.251767460568,shelter
recoverable,0.01,0.652,-0.25197483112,shelter
recoverable,0.01,0.6535,-0.252179712382,shelter
recoverable,0.01,0.655,-0.252382152775,shelter
recoverable,0.01,0.6565,-0.252582200812,shelter
recoverable,0.01,0.658,-0.252779905063,shelter
recoverable,0.01,0.6595,-0.252975314237,shelter
recoverable,0.01,0.661,-0.253168477082,shelter
recoverable,0.01,0.6625,-0.253359442478,shelter
recoverable,0.01,0.664,-0.253483032351,shelter
recoverable,0.01,0.6655,-0.253604311039,shelter
recoverable,0.01,0.667,-0.2537239012,shelter
recoverable,0.01,0.6685,-0.253770678775,shelter
recoverable,0.01,0.67,-0.253802819458,shelter
recoverable,0.01,0.6715,-0.253834065899,shelter
recoverable,0.01,0.673,-0.253864493153,shelter
recoverable,0.01,0.6745,-0.253894175988,shelter
recoverable,0.01,0.676,-0.253923188987,shelter
recoverable,0.01,0.6775,-0.253951606426,shelter
recoverable,0.01,0.679,-0.253979502375,shelter
recoverable,0.01,0.6805,-0.254006950647,shelter
recoverable,0.01,0.682,-0.254034024756,shelter
recoverable,0.01,0.6835,-0.254060798011,shelter
recoverable,0.01,0.685,-0.254087343397,shelter
recoverable,0.01,0.6865,-0.254113733678,shelter
recoverable,0.01,0.688,-0.25413550022,shelter
recoverable,0.01,0.6895,-0.25412201578,shelter
recoverable,0.01,0.691,-0.254109592752,shelter
recoverable,0.01,0.6925,-0.254098292321,shelter
recoverable,0.01,0.694,-0.254088175337,shelter
recoverable,0.01,0.6955,-0.254079302268,shelter
recoverable,0.01,0.697,-0.25407173333,shelter
recoverable,0.01,0.6985,-0.254065528329,shelter
recoverable,0.01,0.7,-0.254060746809,shelter
recoverable,0.01,0.7015,-0.254057447981,shelter
recoverable,0.01,0.703,-0.254055690672,shelter
recoverable,0.01,0.7045,-0.254055533444,shelter
recoverable,0.01,0.706,-0.254057034527,shelter
recoverable,0.01,0.7075,-0.254060251773,shelter
recoverable,0.01,0.709,-0.254065242786,shelter
recoverable,0.01,0.7105,-0.254028381608,shelter
recoverable,0.01,0.712,-0.252380365721,shelter
recoverable,0.01,0.7135,-0.249444100426,shelter
recoverable,0.01,0.715,-0.246482067751,shelter
recoverable,0.01,0.7165,-0.243494327996,shelter
recoverable,0.01,0.718,-0.240480941588,shelter
recoverable,0.01,0.7195,-0.237441968998,shelter
recoverable,0.01,0.721,-0.234377470916,shelter
recoverable,0.01,0.7225,-0.231287508023,shelter
recoverable,0.01,0.724,-0.228172141179,shelter
recoverable,0.01,0.7255,-0.22503143132,shelter
recoverable,0.01,0.727,-0.221865439382,shelter
recoverable,0.01,0.7285,-0.218674226445,shelter
recoverable,0.01,0.73,-0.21545785364,shelter
recoverable,0.01,0.7315,-0.212216382072,shelter
recoverable,0.01,0.733,-0.208949872961,shelter
recoverable,0.01,0.7345,-0.205658387555,shelter
recoverable,0.01,0.736,-0.202341987049,shelter
recoverable,0.01,0.7375,-0.199000732755,shelter
recoverable,0.01,0.739,-0.195634685878,shelter
recoverable,0.01,0.7405,-0.19224390771,shelter
recoverable,0.01,0.742,-0.188828459525,shelter
recoverable,0.01,0.7435,-0.185388402498,shelter
recoverable,0.01,0.745,-0.181923797862,shelter
recoverable,0.01,0.7465,-0.17843470681,shelter
recoverable,0.01,0.748,-0.174921190415,shelter
recoverable,0.01,0.7495,-0.171383309785,shelter
recoverable,0.01,0.751,-0.167821125964,shelter
recoverable,0.01,0.7525,-0.164234699856,shelter
recoverable,0.01,0.754,-0.160624092378,shelter
recoverable,0.01,0.7555,-0.15698936436,shelter
recoverable,0.01,0.757,-0.153330576477,shelter
recoverable,0.01,0.7585,-0.149647789387,shelter
recoverable,0.01,0.76,-0.14594106365,shelter
recoverable,0.01,0.7615,-0.142210459645,shelter
recoverable,0.01,0.763,-0.138456037717,shelter
recoverable,0.01,0.7645,-0.134677858094,shelter
recoverable,0.01,0.766,-0.130875980803,shelter
recoverable,0.01,0.7675,-0.12705046582,shelter
recoverable,0.01,0.769,-0.123201372982,shelter
recoverable,0.01,0.7705,-0.119328761911,shelter
recoverable,0.01,0.772,-0.115432692158,shelter
recoverable,0.01,0.7735,-0.111513223119,shelter
recoverable,0.01,0.775,-0.10753443776,shelter
recoverable,0.01,0.7765,-0.103109201048,shelter
recoverable,0.01,0.778,-0.098663976313,shelter
recoverable,0.01,0.7795,-0.0941988816421,shelter
recoverable,0.01,0.781,-0.0897140348072,shelter
recoverable,0.01,0.7825,-0.0852095531671,shelter
recoverable,0.01,0.784,-0.0806855538372,shelter
recoverable,0.01,0.7855,-0.076142153591,shelter
recoverable,0.01,0.787,-0.0715794687815,shelter
recoverable,0.01,0.7885,-0.0669976155031,shelter
recoverable,0.01,0.79,-0.0623967094984,shelter
recoverable,0.01,0.7915,-0.0577768660795,shelter
recoverable,0.01,0.793,-0.0531382002891,shelter
recoverable,0.01,0.7945,-0.0484808268076,shelter
recoverable,0.01,0.796,-0.043804859877,shelter
recoverable,0.01,0.7975,-0.0391104134586,shelter
recoverable,0.01,0.799,-0.0343976011421,shelter
recoverable,0.01,0.8005,-0.0296665360721,shelter
recoverable,0.01,0.802,-0.0249173311294,shelter
recoverable,0.01,0.8035,-0.0201500987044,shelter
recoverable,0.01,0.805,-0.0153649509026,shelter
recoverable,0.01,0.8065,-0.0105619994434,shelter
recoverable,0.01,0.808,-0.00574135558111,shelter
recoverable,0.01,0.8095,-0.000903130273895,shelter
recoverable,0.01,0.811,0.00393389488489,corridor
recoverable,0.01,0.8125,0.00878463377374,corridor
recoverable,0.01,0.814,0.0136516987299,corridor
recoverable,0.01,0.8155,0.0185365977327,corridor
recoverable,0.01,0.817,0.0234392773491,corridor
recoverable,0.01,0.8185,0.0283596166419,corridor
recoverable,0.01,0.82,0.0332974951931,corridor
recoverable,0.01,0.8215,0.0382527930278,corridor
recoverable,0.01,0.823,0.0432253907159,corridor
recoverable,0.01,0.8245,0.0482151692807,corridor
recoverable,0.01,0.826,0.0532220102579,corridor
recoverable,0.01,0.8275,0.0582457956748,corridor
recoverable,0.01,0.829,0.0632864080891,corridor
recoverable,0.01,0.8305,0.0683437305215,corridor
recoverable,0.01,0.832,0.0734176465491,corridor
recoverable,0.01,0.8335,0.0785080402171,corridor
recoverable,0.01,0.835,0.0836147960962,corridor
recoverable,0.01,0.8365,0.0887377992622,corridor
recoverable,0.01,0.838,0.0938769353309,corridor
recoverable,0.01,0.8395,0.0990320903959,corridor
recoverable,0.01,0.841,0.104203151117,corridor
recoverable,0.01,0.8425,0.109390004632,corridor
recoverable,0.01,0.844,0.114592538616,corridor
recoverable,0.01,0.8455,0.119810641259,corridor
recoverable,0.01,0.847,0.125044201299,corridor
recoverable,0.01,0.8485,0.130293107961,corridor
recoverable,0.01,0.85,0.135557251045,corridor
recoverable,0.01,0.8515,0.140836520838,corridor
recoverable,0.01,0.853,0.14613080817,corridor
recoverable,0.01,0.8545,0.151440004393,corridor
recoverable,0.01,0.856,0.156764001415,corridor
recoverable,0.01,0.8575,0.162102691637,corridor
recoverable,0.01,0.859,0.16745596804,corridor
recoverable,0.01,0.8605,0.172823724099,corridor
recoverable,0.01,0.862,0.178205853835,corridor
recoverable,0.01,0.8635,0.183602251799,corridor
recoverable,0.01,0.865,0.189012813099,corridor
recoverable,0.01,0.8665,0.194437433342,corridor
recoverable,0.01,0.868,0.199876008717,corridor
recoverable,0.01,0.8695,0.205328435912,corridor
recoverable,0.01,0.871,0.210794612165,corridor
recoverable,0.01,0.8725,0.216274435243,corridor
recoverable,0.01,0.874,0.221767803474,corridor
recoverable,0.01,0.8755,0.227274615701,corridor
recoverable,0.01,0.877,0.232794771302,corridor
recoverable,0.01,0.8785,0.238328170224,corridor
recoverable,0.01,0.88,0.243874712919,corridor
recoverable,0.01,0.8815,0.249434300391,corridor
recoverable,0.01,0.883,0.255006834174,corridor
recoverable,0.01,0.8845,0.260592216358,corridor
recoverable,0.01,0.886,0.266190349543,corridor
recoverable,0.01,0.8875,0.271801136905,corridor
recoverable,0.01,0.889,0.277424482121,corridor
recoverable,0.01,0.8905,0.283060289421,corridor
recoverable,0.01,0.892,0.288708463565,corridor
recoverable,0.01,0.8935,0.294368909866,corridor
recoverable,0.01,0.895,0.300041534156,corridor
recoverable,0.01,0.8965,0.305726242801,corridor
recoverable,0.01,0.898,0.311422942726,corridor
recoverable,0.01,0.8995,0.317131541367,corridor
recoverable,0.01,0.901,0.322851946701,corridor
recoverable,0.01,0.9025,0.328584067237,corridor
recoverable,0.01,0.904,0.330868056328,corridor
recoverable,0.01,0.9055,0.331939991633,corridor
recoverable,0.01,0.907,0.333001847678,corridor
recoverable,0.01,0.9085,0.334053609631,corridor
recoverable,0.01,0.91,0.335095262905,corridor
recoverable,0.01,0.9115,0.336126793362,corridor
recoverable,0.01,0.913,0.337148187174,corridor
recoverable,0.01,0.9145,0.338159430857,corridor
recoverable,0.01,0.916,0.339160511282,corridor
recoverable,0.01,0.9175,0.340151415646,corridor
recoverable,0.01,0.919,0.34113213142,corridor
recoverable,0.01,0.9205,0.342102646502,corridor
recoverable,0.01,0.922,0.343062949073,corridor
recoverable,0.01,0.9235,0.34401302764,corridor
recoverable,0.01,0.925,0.344952871042,corridor
recoverable,0.01,0.9265,0.34583192319,corridor
recoverable,0.01,0.928,0.346542822781,corridor
recoverable,0.01,0.9295,0.347251715821,corridor
recoverable,0.01,0.931,0.347958609511,corridor
recoverable,0.01,0.9325,0.348663510996,corridor
recoverable,0.01,0.934,0.349366427425,corridor
recoverable,0.01,0.9355,0.350067365968,corridor
recoverable,0.01,0.937,0.350766333793,corridor
recoverable,0.01,0.9385,0.351463337961,corridor
recoverable,0.01,0.94,0.352158385698,corridor
recoverable,0.01,0.9415,0.352851484162,corridor
recoverable,0.01,0.943,0.353542640511,corridor
recoverable,0.01,0.9445,0.354231861903,corridor
recoverable,0.01,0.946,0.354919155508,corridor
recoverable,0.01,0.9475,0.355604528497,corridor
recoverable,0.01,0.949,0.356287987938,corridor
recoverable,0.01,0.9505,0.356969541041,corridor
recoverable,0.01,0.952,0.357649194954,corridor
recoverable,0.01,0.9535,0.358326956821,corridor
recoverable,0.01,0.955,0.359002833792,corridor
recoverable,0.01,0.9565,0.359676833028,corridor
recoverable,0.01,0.958,0.360348961557,corridor
recoverable,0.01,0.9595,0.361019226574,corridor
recoverable,0.01,0.961,0.361687635198,corridor
recoverable,0.01,0.9625,0.36235419454,corridor
recoverable,0.01,0.964,0.363018911715,corridor
recoverable,0.01,0.9655,0.363681793852,corridor
recoverable,0.01,0.967,0.364342847932,corridor
recoverable,0.01,0.9685,0.365002081114,corridor
recoverable,0.01,0.97,0.365659500471,corridor
recoverable,0.01,0.9715,0.366315113067,corridor
recoverable,0.01,0.973,0.366968926039,corridor
recoverable,0.01,0.9745,0.367620946243,corridor
recoverable,0.01,0.976,0.368271180836,corridor
recoverable,0.01,0.9775,0.368919636842,corridor
recoverable,0.01,0.979,0.369566321274,corridor
recoverable,0.01,0.9805,0.370211241137,corridor
recoverable,0.01,0.982,0.370854403481,corridor
recoverable,0.01,0.9835,0.371495815147,corridor
recoverable,0.01,0.985,0.372135483199,corridor
recoverable,0.01,0.9865,0.372773414592,corridor
recoverable,0.01,0.988,0.373409616361,corridor
recoverable,0.01,0.9895,0.374044095206,corridor
recoverable,0.01,0.991,0.374676858206,corridor
recoverable,0.01,0.9925,0.375307912258,corridor
recoverable,0.01,0.994,0.375937264249,corridor
recoverable,0.01,0.9955,0.376564921101,corridor
recoverable,0.01,0.997,0.377190889552,corridor
recoverable,0.01,0.9985,0.377815176547,corridor
recoverable,0.01,1,0.378437788981,corridor
recoverable,0.1,0.55,-0.246777594853,shelter
recoverable,0.1,0.5515,-0.247397490587,shelter
recoverable,0.1,0.553,-0.248011671479,shelter
recoverable,0.1,0.5545,-0.248620165273,shelter
recoverable,0.1,0.556,-0.249222999957,shelter
recoverable,0.1,0.5575,-0.249820203796,shelter
recoverable,0.1,0.559,-0.25041180524,shelter
recoverable,0.1,0.5605,-0.250997833022,shelter
recoverable,0.1,0.562,-0.251578316053,shelter
recoverable,0.1,0.5635,-0.252153283517,shelter
recoverable,0.1,0.565,-0.252722764785,shelter
recoverable,0.1,0.5665,-0.253286789444,shelter
recoverable,0.1,0.568,-0.253845387334,shelter
recoverable,0.1,0.5695,-0.254398588455,shelter
recoverable,0.1,0.571,-0.254946423064,shelter
recoverable,0.1,0.5725,-0.255488921573,shelter
recoverable,0.1,0.574,-0.256026114647,shelter
recoverable,0.1,0.5755,-0.256558033094,shelter
recoverable,0.1,0.577,-0.257084707972,shelter
recoverable,0.1,0.5785,-0.257606170489,shelter
recoverable,0.1,0.58,-0.258122452042,shelter
recoverable,0.1,0.5815,-0.258633584252,shelter
recoverable,0.1,0.583,-0.25913959887,shelter
recoverable,0.1,0.5845,-0.259640527879,shelter
recoverable,0.1,0.586,-0.260136403386,shelter
recoverable,0.1,0.5875,-0.260627257722,shelter
recoverable,0.1,0.589,-0.261113123338,shelter
recoverable,0.1,0.5905,-0.261594032904,shelter
recoverable,0.1,0.592,-0.262070019202,shelter
recoverable,0.1,0.5935,-0.26254111523,shelter
recoverable,0.1,0.595,-0.263007354091,shelter
recoverable,0.1,0.5965,-0.263468769098,shelter
recoverable,0.1,0.598,-0.263925393667,shelter
recoverable,0.1,0.5995,-0.264377261415,shelter
recoverable,0.1,0.601,-0.264824406058,shelter
recoverable,0.1,0.6025,-0.265266861509,shelter
recoverable,0.1,0.604,-0.265704661774,shelter
recoverable,0.1,0.6055,-0.266137841053,shelter
recoverable,0.1,0.607,-0.266566433631,shelter
recoverable,0.1,0.6085,-0.266990473983,shelter
recoverable,0.1,0.61,-0.267409996666,shelter
recoverable,0.1,0.6115,-0.267825036423,shelter
recoverable,0.1,0.613,-0.268235628072,shelter
recoverable,0.1,0.6145,-0.268641806612,shelter
recoverable,0.1,0.616,-0.269043607116,shelter
recoverable,0.1,0.6175,-0.269441064833,shelter
recoverable,0.1,0.619,-0.269834215077,shelter
recoverable,0.1,0.6205,-0.270223093339,shelter
recoverable,0.1,0.622,-0.270607735171,shelter
recoverable,0.1,0.6235,-0.270988176295,shelter
recoverable,0.1,0.625,-0.27136445249,shelter
recoverable,0.1,0.6265,-0.271736599691,shelter
recoverable,0.1,0.628,-0.272104653938,shelter
recoverable,0.1,0.6295,-0.272468651341,shelter
recoverable,0.1,0.631,-0.272828628167,shelter
recoverable,0.1,0.6325,-0.273184620735,shelter
recoverable,0.1,0.634,-0.27353666552,shelter
recoverable,0.1,0.6355,-0.273884799041,shelter
recoverable,0.1,0.637,-0.274229057974,shelter
recoverable,0.1,0.6385,-0.274569479033,shelter
recoverable,0.1,0.64,-0.274906099085,shelter
recoverable,0.1,0.6415,-0.275238955033,shelter
recoverable,0.1,0.643,-0.275568083918,shelter
recoverable,0.1,0.6445,-0.275893522868,shelter
recoverable,0.1,0.646,-0.276215309058,shelter
recoverable,0.1,0.6475,-0.276533479809,shelter
recoverable,0.1,0.649,-0.276848072471,shelter
recoverable,0.1,0.6505,-0.277159124533,shelter
recoverable,0.1,0.652,-0.277466673514,shelter
recoverable,0.1,0.6535,-0.277770757071,shelter
recoverable,0.1,0.655,-0.27807141288,shelter
recoverable,0.1,0.6565,-0.278368678747,shelter
recoverable,0.1,0.658,-0.27866259255,shelter
recoverable,0.1,0.6595,-0.278953192202,shelter
recoverable,0.1,0.661,-0.27924051575,shelter
recoverable,0.1,0.6625,-0.279524601256,shelter
recoverable,0.1,0.664,-0.279805486902,shelter
recoverable,0.1,0.6655,-0.280083210936,shelter
recoverable,0.1,0.667,-0.280357811639,shelter
recoverable,0.1,0.6685,-0.280629327417,shelter
recoverable,0.1,0.67,-0.280897796686,shelter
recoverable,0.1,0.6715,-0.28116325799,shelter
recoverable,0.1,0.673,-0.281425749877,shelter
recoverable,0.1,0.6745,-0.281685311011,shelter
recoverable,0.1,0.676,-0.281941980114,shelter
recoverable,0.1,0.6775,-0.282195795932,shelter
recoverable,0.1,0.679,-0.28244679733,shelter
recoverable,0.1,0.6805,-0.282695023177,shelter
recoverable,0.1,0.682,-0.282940512446,shelter
recoverable,0.1,0.6835,-0.283183304172,shelter
recoverable,0.1,0.685,-0.283349408755,shelter
recoverable,0.1,0.6865,-0.283511454138,shelter
recoverable,0.1,0.688,-0.283671134587,shelter
recoverable,0.1,0.6895,-0.283808910236,shelter
recoverable,0.1,0.691,-0.283871533199,shelter
recoverable,0.1,0.6925,-0.28393242669,shelter
recoverable,0.1,0.694,-0.283991654886,shelter
recoverable,0.1,0.6955,-0.284049281792,shelter
recoverable,0.1,0.697,-0.284105371194,shelter
recoverable,0.1,0.6985,-0.284159986763,shelter
recoverable,0.1,0.7,-0.284213191927,shelter
recoverable,0.1,0.7015,-0.284265049982,shelter
recoverable,0.1,0.703,-0.284315624039,shelter
recoverable,0.1,0.7045,-0.28436497697,shelter
recoverable,0.1,0.706,-0.284413171524,shelter
recoverable,0.1,0.7075,-0.284460270189,shelter
recoverable,0.1,0.709,-0.28450633531,shelter
recoverable,0.1,0.7105,-0.284551429031,shelter
recoverable,0.1,0.712,-0.284595613246,shelter
recoverable,0.1,0.7135,-0.284638949713,shelter
recoverable,0.1,0.715,-0.284681499916,shelter
recoverable,0.1,0.7165,-0.284723325184,shelter
recoverable,0.1,0.718,-0.284755164438,shelter
recoverable,0.1,0.7195,-0.284748574844,shelter
recoverable,0.1,0.721,-0.284742210984,shelter
recoverable,0.1,0.7225,-0.284736127115,shelter
recoverable,0.1,0.724,-0.284730377188,shelter
recoverable,0.1,0.7255,-0.284725014983,shelter
recoverable,0.1,0.727,-0.284720094032,shelter
recoverable,0.1,0.7285,-0.284715667568,shelter
recoverable,0.1,0.73,-0.284711788644,shelter
recoverable,0.1,0.7315,-0.28470851007,shelter
recoverable,0.1,0.733,-0.284705884354,shelter
recoverable,0.1,0.7345,-0.284649261643,shelter
recoverable,0.1,0.736,-0.284539925828,shelter
recoverable,0.1,0.7375,-0.2843807787,shelter
recoverable,0.1,0.739,-0.283611679544,shelter
recoverable,0.1,0.7405,-0.280730677019,shelter
recoverable,0.1,0.742,-0.277824636932,shelter
recoverable,0.1,0.7435,-0.274893610511,shelter
recoverable,0.1,0.745,-0.271937649129,shelter
recoverable,0.1,0.7465,-0.268956804225,shelter
recoverable,0.1,0.748,-0.265951127481,shelter
recoverable,0.1,0.7495,-0.262920670592,shelter
recoverable,0.1,0.751,-0.25986548546,shelter
recoverable,0.1,0.7525,-0.256785624098,shelter
recoverable,0.1,0.754,-0.253681138532,shelter
recoverable,0.1,0.7555,-0.250552080975,shelter
recoverable,0.1,0.757,-0.247398503723,shelter
recoverable,0.1,0.7585,-0.244220459069,shelter
recoverable,0.1,0.76,-0.241017999466,shelter
recoverable,0.1,0.7615,-0.237791177429,shelter
recoverable,0.1,0.763,-0.234540045448,shelter
recoverable,0.1,0.7645,-0.231264656179,shelter
recoverable,0.1,0.766,-0.227965062204,shelter
recoverable,0.1,0.7675,-0.224641316234,shelter
recoverable,0.1,0.769,-0.221293471006,shelter
recoverable,0.1,0.7705,-0.217921579193,shelter
recoverable,0.1,0.772,-0.214525693578,shelter
recoverable,0.1,0.7735,-0.211105866947,shelter
recoverable,0.1,0.775,-0.207662152004,shelter
recoverable,0.1,0.7765,-0.204194601542,shelter
recoverable,0.1,0.778,-0.20070326834,shelter
recoverable,0.1,0.7795,-0.197188205075,shelter
recoverable,0.1,0.781,-0.193649464493,shelter
recoverable,0.1,0.7825,-0.190087099307,shelter
recoverable,0.1,0.784,-0.186501162112,shelter
recoverable,0.1,0.7855,-0.182891705552,shelter
recoverable,0.1,0.787,-0.179258782222,shelter
recoverable,0.1,0.7885,-0.17560244458,shelter
recoverable,0.1,0.79,-0.171922745115,shelter
recoverable,0.1,0.7915,-0.168219736252,shelter
recoverable,0.1,0.793,-0.16449347026,shelter
recoverable,0.1,0.7945,-0.160743999425,shelter
recoverable,0.1,0.796,-0.156971375949,shelter
recoverable,0.1,0.7975,-0.153175651865,shelter
recoverable,0.1,0.799,-0.149356879206,shelter
recoverable,0.1,0.8005,-0.145515109904,shelter
recoverable,0.1,0.802,-0.141484771787,shelter
recoverable,0.1,0.8035,-0.13737388609,shelter
recoverable,0.1,0.805,-0.132990346924,shelter
recoverable,0.1,0.8065,-0.128586863014,shelter
recoverable,0.1,0.808,-0.124163540316,shelter
recoverable,0.1,0.8095,-0.119720484577,shelter
recoverable,0.1,0.811,-0.11525780121,shelter
recoverable,0.1,0.8125,-0.110775595487,shelter
recoverable,0.1,0.814,-0.106273972428,shelter
recoverable,0.1,0.8155,-0.101753036713,shelter
recoverable,0.1,0.817,-0.0972128928645,shelter
recoverable,0.1,0.8185,-0.0926536451463,shelter
recoverable,0.1,0.82,-0.0880753974699,shelter
recoverable,0.1,0.8215,-0.0834782535804,shelter
recoverable,0.1,0.823,-0.0788623169521,shelter
recoverable,0.1,0.8245,-0.0742276907004,shelter
recoverable,0.1,0.826,-0.0695744777626,shelter
recoverable,0.1,0.8275,-0.0649027807963,shelter
recoverable,0.1,0.829,-0.0602127020919,shelter
recoverable,0.1,0.8305,-0.0555043437524,shelter
recoverable,0.1,0.832,-0.0507778075921,shelter
recoverable,0.1,0.8335,-0.0460331950522,shelter
recoverable,0.1,0.835,-0.0412706073757,shelter
recoverable,0.1,0.8365,-0.0364901455103,shelter
recoverable,0.1,0.838,-0.0316919100226,shelter
recoverable,0.1,0.8395,-0.026876001274,shelter
recoverable,0.1,0.841,-0.0220425193224,shelter
recoverable,0.1,0.8425,-0.0171915638404,shelter
recoverable,0.1,0.844,-0.0123232342859,shelter
recoverable,0.1,0.8455,-0.00743762980697,shelter
recoverable,0.1,0.847,-0.00253484916094,shelter
recoverable,0.1,0.8485,0.00237736721837,corridor
recoverable,0.1,0.85,0.00729888184311,corridor
recoverable,0.1,0.8515,0.0122464487146,corridor
recoverable,0.1,0.853,0.0172117008849,corridor
recoverable,0.1,0.8545,0.0221941849096,corridor
recoverable,0.1,0.856,0.0271937925331,corridor
recoverable,0.1,0.8575,0.0322104159045,corridor
recoverable,0.1,0.859,0.0372439476131,corridor
recoverable,0.1,0.8605,0.0422942806045,corridor
recoverable,0.1,0.862,0.0473613082877,corridor
recoverable,0.1,0.8635,0.0524449244395,corridor
recoverable,0.1,0.865,0.0575450232525,corridor
recoverable,0.1,0.8665,0.0626614993743,corridor
recoverable,0.1,0.868,0.067794247828,corridor
recoverable,0.1,0.8695,0.0729431640576,corridor
recoverable,0.1,0.871,0.0781081439682,corridor
recoverable,0.1,0.8725,0.0832890838452,corridor
recoverable,0.1,0.874,0.0884858804131,corridor
recoverable,0.1,0.8755,0.0936984308122,corridor
recoverable,0.1,0.877,0.0989266326423,corridor
recoverable,0.1,0.8785,0.104170383886,corridor
recoverable,0.1,0.88,0.109429583006,corridor
recoverable,0.1,0.8815,0.114704128859,corridor
recoverable,0.1,0.883,0.119993920744,corridor
recoverable,0.1,0.8845,0.12529885839,corridor
recoverable,0.1,0.886,0.130618841988,corridor
recoverable,0.1,0.8875,0.135953772135,corridor
recoverable,0.1,0.889,0.141303549867,corridor
recoverable,0.1,0.8905,0.146668076691,corridor
recoverable,0.1,0.892,0.152047254518,corridor
recoverable,0.1,0.8935,0.157440985705,corridor
recoverable,0.1,0.895,0.162849173079,corridor
recoverable,0.1,0.8965,0.168271719876,corridor
recoverable,0.1,0.898,0.173708529779,corridor
recoverable,0.1,0.8995,0.179159506947,corridor
recoverable,0.1,0.901,0.184624555946,corridor
recoverable,0.1,0.9025,0.190103581793,corridor
recoverable,0.1,0.904,0.195596489981,corridor
recoverable,0.1,0.9055,0.201103186416,corridor
recoverable,0.1,0.907,0.20662357745,corridor
recoverable,0.1,0.9085,0.21215756992,corridor
recoverable,0.1,0.91,0.217705071073,corridor
recoverable,0.1,0.9115,0.223265988616,corridor
recoverable,0.1,0.913,0.228840230696,corridor
recoverable,0.1,0.9145,0.234427705937,corridor
recoverable,0.1,0.916,0.240028323383,corridor
recoverable,0.1,0.9175,0.245641992526,corridor
recoverable,0.1,0.919,0.251268623341,corridor
recoverable,0.1,0.9205,0.256908126218,corridor
recoverable,0.1,0.922,0.262560412009,corridor
recoverable,0.1,0.9235,0.268225392008,corridor
recoverable,0.1,0.925,0.273902977981,corridor
recoverable,0.1,0.9265,0.279593082112,corridor
recoverable,0.1,0.928,0.285295617073,corridor
recoverable,0.1,0.9295,0.291010495952,corridor
recoverable,0.1,0.931,0.296737632299,corridor
recoverable,0.1,0.9325,0.302476940107,corridor
recoverable,0.1,0.934,0.308228333841,corridor
recoverable,0.1,0.9355,0.31399172839,corridor
recoverable,0.1,0.937,0.319767039092,corridor
recoverable,0.1,0.9385,0.325554181763,corridor
recoverable,0.1,0.94,0.331353072636,corridor
recoverable,0.1,0.9415,0.337163628403,corridor
recoverable,0.1,0.943,0.342985766198,corridor
recoverable,0.1,0.9445,0.348819403623,corridor
recoverable,0.1,0.946,0.354664458704,corridor
recoverable,0.1,0.9475,0.360520849915,corridor
recoverable,0.1,0.949,0.365818077915,corridor
recoverable,0.1,0.9505,0.36678487589,corridor
recoverable,0.1,0.952,0.367682329736,corridor
recoverable,0.1,0.9535,0.368577684112,corridor
recoverable,0.1,0.955,0.369470943633,corridor
recoverable,0.1,0.9565,0.370362112907,corridor
recoverable,0.1,0.958,0.371251196603,corridor
recoverable,0.1,0.9595,0.372138199338,corridor
recoverable,0.1,0.961,0.373023125856,corridor
recoverable,0.1,0.9625,0.373905980934,corridor
recoverable,0.1,0.964,0.374786769272,corridor
recoverable,0.1,0.9655,0.375665495717,corridor
recoverable,0.1,0.967,0.376542165106,corridor
recoverable,0.1,0.9685,0.377416782329,corridor
recoverable,0.1,0.97,0.378289352225,corridor
recoverable,0.1,0.9715,0.379159879787,corridor
recoverable,0.1,0.973,0.380028369877,corridor
recoverable,0.1,0.9745,0.380894827519,corridor
recoverable,0.1,0.976,0.381759257717,corridor
recoverable,0.1,0.9775,0.382621665496,corridor
recoverable,0.1,0.979,0.383482055931,corridor
recoverable,0.1,0.9805,0.384340434046,corridor
recoverable,0.1,0.982,0.385196805007,corridor
recoverable,0.1,0.9835,0.386051173848,corridor
recoverable,0.1,0.985,0.386903545759,corridor
recoverable,0.1,0.9865,0.387753925904,corridor
recoverable,0.1,0.988,0.388602319466,corridor
recoverable,0.1,0.9895,0.389448731672,corridor
recoverable,0.1,0.991,0.390293167693,corridor
recoverable,0.1,0.9925,0.391135632841,corridor
recoverable,0.1,0.994,0.391976132284,corridor
recoverable,0.1,0.9955,0.392814671349,corridor
recoverable,0.1,0.997,0.393651255331,corridor
recoverable,0.1,0.9985,0.394485889537,corridor
recoverable,0.1,1,0.395318579314,corridor
lethal,0,0.55,-0.24742272496,shelter
lethal,0,0.5515,-0.248098436301,shelter
lethal,0,0.553,-0.248769906118,shelter
lethal,0,0.5545,-0.24943716388,shelter
lethal,0,0.556,-0.25010023892,shelter
lethal,0,0.5575,-0.250759160505,shelter
lethal,0,0.559,-0.251413957721,shelter
lethal,0,0.5605,-0.25206465955,shelter
lethal,0,0.562,-0.252711294841,shelter
lethal,0,0.5635,-0.253353892297,shelter
lethal,0,0.565,-0.253992480543,shelter
lethal,0,0.5665,-0.254627088016,shelter
lethal,0,0.568,-0.255257743033,shelter
lethal,0,0.5695,-0.255884473757,shelter
lethal,0,0.571,-0.256507308265,shelter
lethal,0,0.5725,-0.257126274441,shelter
lethal,0,0.574,-0.257741400043,shelter
lethal,0,0.5755,-0.258352712668,shelter
lethal,0,0.577,-0.258960239822,shelter
lethal,0,0.5785,-0.259564008813,shelter
lethal,0,0.58,-0.260164046818,shelter
lethal,0,0.5815,-0.260760380846,shelter
lethal,0,0.583,-0.261353037817,shelter
lethal,0,0.5845,-0.261942044443,shelter
lethal,0,0.586,-0.262527427285,shelter
lethal,0,0.5875,-0.263109212807,shelter
lethal,0,0.589,-0.263687427269,shelter
lethal,0,0.5905,-0.264262096793,shelter
lethal,0,0.592,-0.264833247329,shelter
lethal,0,0.5935,-0.265400904732,shelter
lethal,0,0.595,-0.265965094645,shelter
lethal,0,0.5965,-0.266525842553,shelter
lethal,0,0.598,-0.267083173848,shelter
lethal,0,0.5995,-0.267637113705,shelter
lethal,0,0.601,-0.268187687142,shelter
lethal,0,0.6025,-0.268734919084,shelter
lethal,0,0.604,-0.269278834219,shelter
lethal,0,0.6055,-0.269819457153,shelter
lethal,0,0.607,-0.270356812284,shelter
lethal,0,0.6085,-0.270890923847,shelter
lethal,0,0.61,-0.271421815982,shelter
lethal,0,0.6115,-0.271949512614,shelter
lethal,0,0.613,-0.272474037507,shelter
lethal,0,0.6145,-0.272995414333,shelter
lethal,0,0.616,-0.273513666545,shelter
lethal,0,0.6175,-0.274028817439,shelter
lethal,0,0.619,-0.274540890218,shelter
lethal,0,0.6205,-0.275049907844,shelter
lethal,0,0.622,-0.275555893207,shelter
lethal,0,0.6235,-0.276058868961,shelter
lethal,0,0.625,-0.276558857682,shelter
lethal,0,0.6265,-0.277055881736,shelter
lethal,0,0.628,-0.277549963328,shelter
lethal,0,0.6295,-0.278041124575,shelter
lethal,0,0.631,-0.278529387356,shelter
lethal,0,0.6325,-0.279014773477,shelter
lethal,0,0.634,-0.279497304533,shelter
lethal,0,0.6355,-0.279977001963,shelter
lethal,0,0.637,-0.280453887119,shelter
lethal,0,0.6385,-0.280927981114,shelter
lethal,0,0.64,-0.281399304998,shelter
lethal,0,0.6415,-0.281867879583,shelter
lethal,0,0.643,-0.282333725617,shelter
lethal,0,0.6445,-0.282796863614,shelter
lethal,0,0.646,-0.283257314021,shelter
lethal,0,0.6475,-0.283715097058,shelter
lethal,0,0.649,-0.284170232872,shelter
lethal,0,0.6505,-0.284622741411,shelter
lethal,0,0.652,-0.285072642466,shelter
lethal,0,0.6535,-0.285519955754,shelter
lethal,0,0.655,-0.285964700755,shelter
lethal,0,0.6565,-0.286406896895,shelter
lethal,0,0.658,-0.286846563366,shelter
lethal,0,0.6595,-0.287283719307,shelter
lethal,0,0.661,-0.287718383625,shelter
lethal,0,0.6625,-0.288150575173,shelter
lethal,0,0.664,-0.288580312575,shelter
lethal,0,0.6655,-0.289007614404,shelter
lethal,0,0.667,-0.289432499003,shelter
lethal,0,0.6685,-0.289854984666,shelter
lethal,0,0.67,-0.290275089459,shelter
lethal,0,0.6715,-0.2906928314,shelter
lethal,0,0.673,-0.291108228281,shelter
lethal,0,0.6745,-0.291521297828,shelter
lethal,0,0.676,-0.291932057623,shelter
lethal,0,0.6775,-0.292340525058,shelter
lethal,0,0.679,-0.292746717471,shelter
lethal,0,0.6805,-0.293150651986,shelter
lethal,0,0.682,-0.293552345676,shelter
lethal,0,0.6835,-0.293951815402,shelter
lethal,0,0.685,-0.294349077975,shelter
lethal,0,0.6865,-0.294744149994,shelter
lethal,0,0.688,-0.295137048014,shelter
lethal,0,0.6895,-0.295527788376,shelter
lethal,0,0.691,-0.29591638738,shelter
lethal,0,0.6925,-0.296302861112,shelter
lethal,0,0.694,-0.296687225599,shelter
lethal,0,0.6955,-0.297069496739,shelter
lethal,0,0.697,-0.297449690248,shelter
lethal,0,0.6985,-0.297827821798,shelter
lethal,0,0.7,-0.298203906857,shelter
lethal,0,0.7015,-0.298577960855,shelter
lethal,0,0.703,-0.298949999016,shelter
lethal,0,0.7045,-0.299320036509,shelter
lethal,0,0.706,-0.299688088381,shelter
lethal,0,0.7075,-0.3000541695,shelter
lethal,0,0.709,-0.300418294698,shelter
lethal,0,0.7105,-0.300780478609,shelter
lethal,0,0.712,-0.301140735833,shelter
lethal,0,0.7135,-0.30149908077,shelter
lethal,0,0.715,-0.301855527772,shelter
lethal,0,0.7165,-0.302210091073,shelter
lethal,0,0.718,-0.302562784734,shelter
lethal,0,0.7195,-0.302913622788,shelter
lethal,0,0.721,-0.30326261907,shelter
lethal,0,0.7225,-0.303609787373,shelter
lethal,0,0.724,-0.303955141373,shelter
lethal,0,0.7255,-0.30429869458,shelter
lethal,0,0.727,-0.304640460479,shelter
lethal,0,0.7285,-0.304980452361,shelter
lethal,0,0.73,-0.305318683476,shelter
lethal,0,0.7315,-0.305655166968,shelter
lethal,0,0.733,-0.305989915811,shelter
lethal,0,0.7345,-0.306322942942,shelter
lethal,0,0.736,-0.306654261189,shelter
lethal,0,0.7375,-0.30698388322,shelter
lethal,0,0.739,-0.307311821682,shelter
lethal,0,0.7405,-0.307638089037,shelter
lethal,0,0.742,-0.307962697712,shelter
lethal,0,0.7435,-0.308285660029,shelter
lethal,0,0.745,-0.308606988156,shelter
lethal,0,0.7465,-0.308926694222,shelter
lethal,0,0.748,-0.309244790254,shelter
lethal,0,0.7495,-0.309561288128,shelter
lethal,0,0.751,-0.309876199704,shelter
lethal,0,0.7525,-0.310189536662,shelter
lethal,0,0.754,-0.310501310654,shelter
lethal,0,0.7555,-0.310811533233,shelter
lethal,0,0.757,-0.311120215802,shelter
lethal,0,0.7585,-0.311427369733,shelter
lethal,0,0.76,-0.311733006302,shelter
lethal,0,0.7615,-0.312037136639,shelter
lethal,0,0.763,-0.312339771843,shelter
lethal,0,0.7645,-0.312640922921,shelter
lethal,0,0.766,-0.312940600734,shelter
lethal,0,0.7675,-0.313238816115,shelter
lethal,0,0.769,-0.313535579808,shelter
lethal,0,0.7705,-0.313830902413,shelter
lethal,0,0.772,-0.314124794504,shelter
lethal,0,0.7735,-0.314417266565,shelter
lethal,0,0.775,-0.314708328943,shelter
lethal,0,0.7765,-0.314997991957,shelter
lethal,0,0.778,-0.315286265842,shelter
lethal,0,0.7795,-0.315573160693,shelter
lethal,0,0.781,-0.315858686584,shelter
lethal,0,0.7825,-0.316142853503,shelter
lethal,0,0.784,-0.316425671304,shelter
lethal,0,0.7855,-0.316707149817,shelter
lethal,0,0.787,-0.316987298792,shelter
lethal,0,0.7885,-0.317266127845,shelter
lethal,0,0.79,-0.317543646571,shelter
lethal,0,0.7915,-0.317819864486,shelter
lethal,0,0.793,-0.318094790975,shelter
lethal,0,0.7945,-0.318368435402,shelter
lethal,0,0.796,-0.318640807057,shelter
lethal,0,0.7975,-0.318911915097,shelter
lethal,0,0.799,-0.319181768662,shelter
lethal,0,0.8005,-0.319450376821,shelter
lethal,0,0.802,-0.319717748508,shelter
lethal,0,0.8035,-0.319983892648,shelter
lethal,0,0.805,-0.320248818071,shelter
lethal,0,0.8065,-0.320512533553,shelter
lethal,0,0.808,-0.320775047749,shelter
lethal,0,0.8095,-0.321036369297,shelter
lethal,0,0.811,-0.321296506764,shelter
lethal,0,0.8125,-0.321555468594,shelter
lethal,0,0.814,-0.321813263221,shelter
lethal,0,0.8155,-0.322069899007,shelter
lethal,0,0.817,-0.322325384192,shelter
lethal,0,0.8185,-0.32257972701,shelter
lethal,0,0.82,-0.322832935604,shelter
lethal,0,0.8215,-0.323085018071,shelter
lethal,0,0.823,-0.323335982393,shelter
lethal,0,0.8245,-0.323585836539,shelter
lethal,0,0.826,-0.323834588413,shelter
lethal,0,0.8275,-0.324082245802,shelter
lethal,0,0.829,-0.324328816487,shelter
lethal,0,0.8305,-0.324574308167,shelter
lethal,0,0.832,-0.324818728494,shelter
lethal,0,0.8335,-0.325062085012,shelter
lethal,0,0.835,-0.325304385254,shelter
lethal,0,0.8365,-0.325545636674,shelter
lethal,0,0.838,-0.325785846682,shelter
lethal,0,0.8395,-0.326025022584,shelter
lethal,0,0.841,-0.326263171675,shelter
lethal,0,0.8425,-0.326500301188,shelter
lethal,0,0.844,-0.326736418254,shelter
lethal,0,0.8455,-0.326971529993,shelter
lethal,0,0.847,-0.327205643455,shelter
lethal,0,0.8485,-0.327438765644,shelter
lethal,0,0.85,-0.327670903467,shelter
lethal,0,0.8515,-0.32790206382,shelter
lethal,0,0.853,-0.328132253529,shelter
lethal,0,0.8545,-0.328361479378,shelter
lethal,0,0.856,-0.328589748057,shelter
lethal,0,0.8575,-0.328817066245,shelter
lethal,0,0.859,-0.329043440554,shelter
lethal,0,0.8605,-0.329268877552,shelter
lethal,0,0.862,-0.329493383722,shelter
lethal,0,0.8635,-0.329716965531,shelter
lethal,0,0.865,-0.329939629384,shelter
lethal,0,0.8665,-0.330161381643,shelter
lethal,0,0.868,-0.330382228588,shelter
lethal,0,0.8695,-0.330602176484,shelter
lethal,0,0.871,-0.330821231533,shelter
lethal,0,0.8725,-0.331039399899,shelter
lethal,0,0.874,-0.331256687666,shelter
lethal,0,0.8755,-0.331473100903,shelter
lethal,0,0.877,-0.331688645618,shelter
lethal,0,0.8785,-0.331903327781,shelter
lethal,0,0.88,-0.332117153289,shelter
lethal,0,0.8815,-0.332330128018,shelter
lethal,0,0.883,-0.332542257792,shelter
lethal,0,0.8845,-0.332753548392,shelter
lethal,0,0.886,-0.332964005533,shelter
lethal,0,0.8875,-0.333173634908,shelter
lethal,0,0.889,-0.333382442159,shelter
lethal,0,0.8905,-0.333590432888,shelter
lethal,0,0.892,-0.333797612631,shelter
lethal,0,0.8935,-0.334003986907,shelter
lethal,0,0.895,-0.33420956118,shelter
lethal,0,0.8965,-0.334414340879,shelter
lethal,0,0.898,-0.334618331371,shelter
lethal,0,0.8995,-0.334821538,shelter
lethal,0,0.901,-0.335023966062,shelter
lethal,0,0.9025,-0.335225620819,shelter
lethal,0,0.904,-0.335426507471,shelter
lethal,0,0.9055,-0.335626631199,shelter
lethal,0,0.907,-0.335825997134,shelter
lethal,0,0.9085,-0.336024610374,shelter
lethal,0,0.91,-0.336222475961,shelter
lethal,0,0.9115,-0.336419598915,shelter
lethal,0,0.913,-0.33661598421,shelter
lethal,0,0.9145,-0.336811636787,shelter
lethal,0,0.916,-0.337006561532,shelter
lethal,0,0.9175,-0.337200763311,shelter
lethal,0,0.919,-0.337394246946,shelter
lethal,0,0.9205,-0.337587017225,shelter
lethal,0,0.922,-0.337779078886,shelter
lethal,0,0.9235,-0.337970436644,shelter
lethal,0,0.925,-0.338161095175,shelter
lethal,0,0.9265,-0.338351059118,shelter
lethal,0,0.928,-0.338540333069,shelter
lethal,0,0.9295,-0.338728921598,shelter
lethal,0,0.931,-0.338916829241,shelter
lethal,0,0.9325,-0.339104060484,shelter
lethal,0,0.934,-0.339290619802,shelter
lethal,0,0.9355,-0.339476511606,shelter
lethal,0,0.937,-0.3396617403,shelter
lethal,0,0.9385,-0.339846310241,shelter
lethal,0,0.94,-0.340030225763,shelter
lethal,0,0.9415,-0.340213491144,shelter
lethal,0,0.943,-0.340396110652,shelter
lethal,0,0.9445,-0.340578088515,shelter
lethal,0,0.946,-0.340759428933,shelter
lethal,0,0.9475,-0.340940136055,shelter
lethal,0,0.949,-0.341120214022,shelter
lethal,0,0.9505,-0.341299666937,shelter
lethal,0,0.952,-0.341478498855,shelter
lethal,0,0.9535,-0.341656713822,shelter
lethal,0,0.955,-0.341834315843,shelter
lethal,0,0.9565,-0.3420113089,shelter
lethal,0,0.958,-0.342187696926,shelter
lethal,0,0.9595,-0.342363483844,shelter
lethal,0,0.961,-0.34253867354,shelter
lethal,0,0.9625,-0.342713269873,shelter
lethal,0,0.964,-0.342887276663,shelter
lethal,0,0.9655,-0.343060697713,shelter
lethal,0,0.967,-0.343233536795,shelter
lethal,0,0.9685,-0.343405797642,shelter
lethal,0,0.97,-0.343577483971,shelter
lethal,0,0.9715,-0.343748599471,shelter
lethal,0,0.973,-0.34391914779,shelter
lethal,0,0.9745,-0.344089132562,shelter
lethal,0,0.976,-0.344258557392,shelter
lethal,0,0.9775,-0.344427425848,shelter
lethal,0,0.979,-0.344181273224,shelter
lethal,0,0.9805,-0.343477212606,shelter
lethal,0,0.982,-0.342903206578,shelter
lethal,0,0.9835,-0.342461238641,shelter
lethal,0,0.985,-0.26376572789,shelter
lethal,0,0.9865,-0.169205122328,shelter
lethal,0,0.988,-0.0733366580323,shelter
lethal,0,0.9895,0.0237220605628,corridor
lethal,0,0.991,0.121975129071,corridor
lethal,0,0.9925,0.221441531113,corridor
lethal,0,0.994,0.322131049942,corridor
lethal,0,0.9955,0.362618238613,corridor
lethal,0,0.997,0.367064910526,corridor
lethal,0,0.9985,0.371556273335,corridor
lethal,0,1,0.376092816015,corridor
lethal,0.01,0.55,-0.264503420996,shelter
lethal,0.01,0.5515,-0.265195411165,shelter
lethal,0.01,0.553,-0.265882527494,shelter
lethal,0.01,0.5545,-0.266564802946,shelter
lethal,0.01,0.556,-0.267242270296,shelter
lethal,0.01,0.5575,-0.267914962196,shelter
lethal,0.01,0.559,-0.268582911158,shelter
lethal,0.01,0.5605,-0.269246149531,shelter
lethal,0.01,0.562,-0.26990470957,shelter
lethal,0.01,0.5635,-0.270558623332,shelter
lethal,0.01,0.565,-0.271207922737,shelter
lethal,0.01,0.5665,-0.271852639552,shelter
lethal,0.01,0.568,-0.272492805373,shelter
lethal,0.01,0.5695,-0.273128451693,shelter
lethal,0.01,0.571,-0.273759609793,shelter
lethal,0.01,0.5725,-0.274386310811,shelter
lethal,0.01,0.574,-0.275008585703,shelter
lethal,0.01,0.5755,-0.275626465323,shelter
lethal,0.01,0.577,-0.2762399803,shelter
lethal,0.01,0.5785,-0.276849161118,shelter
lethal,0.01,0.58,-0.277454038074,shelter
lethal,0.01,0.5815,-0.278054641355,shelter
lethal,0.01,0.583,-0.278651000923,shelter
lethal,0.01,0.5845,-0.279243146567,shelter
lethal,0.01,0.586,-0.279831107963,shelter
lethal,0.01,0.5875,-0.280414914561,shelter
lethal,0.01,0.589,-0.280994595636,shelter
lethal,0.01,0.5905,-0.281570180345,shelter
lethal,0.01,0.592,-0.282141697618,shelter
lethal,0.01,0.5935,-0.282709176229,shelter
lethal,0.01,0.595,-0.283272644754,shelter
lethal,0.01,0.5965,-0.283832131655,shelter
lethal,0.01,0.598,-0.284387665161,shelter
lethal,0.01,0.5995,-0.284939273321,shelter
lethal,0.01,0.601,-0.285486984069,shelter
lethal,0.01,0.6025,-0.286030825084,shelter
lethal,0.01,0.604,-0.286570823945,shelter
lethal,0.01,0.6055,-0.287107007997,shelter
lethal,0.01,0.607,-0.287639404405,shelter
lethal,0.01,0.6085,-0.288168040219,shelter
lethal,0.01,0.61,-0.288692942253,shelter
lethal,0.01,0.6115,-0.28921413714,shelter
lethal,0.01,0.613,-0.289731651399,shelter
lethal,0.01,0.6145,-0.290245511292,shelter
lethal,0.01,0.616,-0.290755742981,shelter
lethal,0.01,0.6175,-0.291262372396,shelter
lethal,0.01,0.619,-0.291765425287,shelter
lethal,0.01,0.6205,-0.29226492729,shelter
lethal,0.01,0.622,-0.292760903806,shelter
lethal,0.01,0.6235,-0.293253380055,shelter
lethal,0.01,0.625,-0.293742381149,shelter
lethal,0.01,0.6265,-0.294227931941,shelter
lethal,0.01,0.628,-0.294710057191,shelter
lethal,0.01,0.6295,-0.295188781403,shelter
lethal,0.01,0.631,-0.29566412899,shelter
lethal,0.01,0.6325,-0.296136124133,shelter
lethal,0.01,0.634,-0.296604790834,shelter
lethal,0.01,0.6355,-0.297070152992,shelter
lethal,0.01,0.637,-0.297532234246,shelter
lethal,0.01,0.6385,-0.297991058152,shelter
lethal,0.01,0.64,-0.298446648009,shelter
lethal,0.01,0.6415,-0.298899027031,shelter
lethal,0.01,0.643,-0.29934821818,shelter
lethal,0.01,0.6445,-0.299794244331,shelter
lethal,0.01,0.646,-0.300237128133,shelter
lethal,0.01,0.6475,-0.300676892061,shelter
lethal,0.01,0.649,-0.301113558495,shelter
lethal,0.01,0.6505,-0.301547149557,shelter
lethal,0.01,0.652,-0.301977687295,shelter
lethal,0.01,0.6535,-0.302405193503,shelter
lethal,0.01,0.655,-0.302829689902,shelter
lethal,0.01,0.6565,-0.30325119796,shelter
lethal,0.01,0.658,-0.303669739071,shelter
lethal,0.01,0.6595,-0.304085334382,shelter
lethal,0.01,0.661,-0.304498004966,shelter
lethal,0.01,0.6625,-0.304907771649,shelter
lethal,0.01,0.664,-0.305314655186,shelter
lethal,0.01,0.6655,-0.305718676088,shelter
lethal,0.01,0.667,-0.306119854793,shelter
lethal,0.01,0.6685,-0.3065182115,shelter
lethal,0.01,0.67,-0.306913766336,shelter
lethal,0.01,0.6715,-0.307306539189,shelter
lethal,0.01,0.673,-0.307696549878,shelter
lethal,0.01,0.6745,-0.308083817985,shelter
lethal,0.01,0.676,-0.308468363025,shelter
lethal,0.01,0.6775,-0.308850204277,shelter
lethal,0.01,0.679,-0.309229360955,shelter
lethal,0.01,0.6805,-0.309605852036,shelter
lethal,0.01,0.682,-0.30997969642,shelter
lethal,0.01,0.6835,-0.31035091285,shelter
lethal,0.01,0.685,-0.310719519866,shelter
lethal,0.01,0.6865,-0.311085535943,shelter
lethal,0.01,0.688,-0.311448979331,shelter
lethal,0.01,0.6895,-0.311809868215,shelter
lethal,0.01,0.691,-0.312168220557,shelter
lethal,0.01,0.6925,-0.312524054261,shelter
lethal,0.01,0.694,-0.312877387004,shelter
lethal,0.01,0.6955,-0.313228236409,shelter
lethal,0.01,0.697,-0.313576619871,shelter
lethal,0.01,0.6985,-0.313922554719,shelter
lethal,0.01,0.7,-0.314266058135,shelter
lethal,0.01,0.7015,-0.314607147107,shelter
lethal,0.01,0.703,-0.31494583857,shelter
lethal,0.01,0.7045,-0.31528214924,shelter
lethal,0.01,0.706,-0.315616095786,shelter
lethal,0.01,0.7075,-0.315947694654,shelter
lethal,0.01,0.709,-0.316276962229,shelter
lethal,0.01,0.7105,-0.316603914759,shelter
lethal,0.01,0.712,-0.316928568302,shelter
lethal,0.01,0.7135,-0.317250938871,shelter
lethal,0.01,0.715,-0.317571042265,shelter
lethal,0.01,0.7165,-0.317888894221,shelter
lethal,0.01,0.718,-0.318204510346,shelter
lethal,0.01,0.7195,-0.318517906063,shelter
lethal,0.01,0.721,-0.318829096753,shelter
lethal,0.01,0.7225,-0.319138097586,shelter
lethal,0.01,0.724,-0.319444923678,shelter
lethal,0.01,0.7255,-0.319749590018,shelter
lethal,0.01,0.727,-0.320052111414,shelter
lethal,0.01,0.7285,-0.320352502638,shelter
lethal,0.01,0.73,-0.320650778257,shelter
lethal,0.01,0.7315,-0.320946952785,shelter
lethal,0.01,0.733,-0.321241040615,shelter
lethal,0.01,0.7345,-0.321533055966,shelter
lethal,0.01,0.736,-0.321823013021,shelter
lethal,0.01,0.7375,-0.322110925763,shelter
lethal,0.01,0.739,-0.32239680813,shelter
lethal,0.01,0.7405,-0.322680673943,shelter
lethal,0.01,0.742,-0.322962536846,shelter
lethal,0.01,0.7435,-0.323242410441,shelter
lethal,0.01,0.745,-0.323520308212,shelter
lethal,0.01,0.7465,-0.323796243476,shelter
lethal,0.01,0.748,-0.324070229524,shelter
lethal,0.01,0.7495,-0.324342279452,shelter
lethal,0.01,0.751,-0.324612406317,shelter
lethal,0.01,0.7525,-0.324880623066,shelter
lethal,0.01,0.754,-0.325146942478,shelter
lethal,0.01,0.7555,-0.325411377293,shelter
lethal,0.01,0.757,-0.325673940144,shelter
lethal,0.01,0.7585,-0.325934643499,shelter
lethal,0.01,0.76,-0.326193499791,shelter
lethal,0.01,0.7615,-0.326450521343,shelter
lethal,0.01,0.763,-0.326705720323,shelter
lethal,0.01,0.7645,-0.326959108859,shelter
lethal,0.01,0.766,-0.327210698976,shelter
lethal,0.01,0.7675,-0.327460502547,shelter
lethal,0.01,0.769,-0.327708531405,shelter
lethal,0.01,0.7705,-0.327954797282,shelter
lethal,0.01,0.772,-0.328199311761,shelter
lethal,0.01,0.7735,-0.328442086389,shelter
lethal,0.01,0.775,-0.328683132612,shelter
lethal,0.01,0.7765,-0.328922461732,shelter
lethal,0.01,0.778,-0.329160085013,shelter
lethal,0.01,0.7795,-0.329396013624,shelter
lethal,0.01,0.781,-0.329630258592,shelter
lethal,0.01,0.7825,-0.329862830906,shelter
lethal,0.01,0.784,-0.330093741465,shelter
lethal,0.01,0.7855,-0.330323001025,shelter
lethal,0.01,0.787,-0.33055062031,shelter
lethal,0.01,0.7885,-0.330776609953,shelter
lethal,0.01,0.79,-0.331000980446,shelter
lethal,0.01,0.7915,-0.331223742255,shelter
lethal,0.01,0.793,-0.331444905754,shelter
lethal,0.01,0.7945,-0.331664481179,shelter
lethal,0.01,0.796,-0.33188247874,shelter
lethal,0.01,0.7975,-0.332098908561,shelter
lethal,0.01,0.799,-0.332313780627,shelter
lethal,0.01,0.8005,-0.3325271049,shelter
lethal,0.01,0.802,-0.33273889126,shelter
lethal,0.01,0.8035,-0.332949149446,shelter
lethal,0.01,0.805,-0.33315788918,shelter
lethal,0.01,0.8065,-0.333365120082,shelter
lethal,0.01,0.808,-0.33357085171,shelter
lethal,0.01,0.8095,-0.333775093494,shelter
lethal,0.01,0.811,-0.333977854839,shelter
lethal,0.01,0.8125,-0.334179145072,shelter
lethal,0.01,0.814,-0.334378973391,shelter
lethal,0.01,0.8155,-0.334577348976,shelter
lethal,0.01,0.817,-0.334774280926,shelter
lethal,0.01,0.8185,-0.334969778215,shelter
lethal,0.01,0.82,-0.335163849799,shelter
lethal,0.01,0.8215,-0.335356504543,shelter
lethal,0.01,0.823,-0.335547751252,shelter
lethal,0.01,0.8245,-0.335737598614,shelter
lethal,0.01,0.826,-0.335926055295,shelter
lethal,0.01,0.8275,-0.33611312989,shelter
lethal,0.01,0.829,-0.336298830871,shelter
lethal,0.01,0.8305,-0.336483166698,shelter
lethal,0.01,0.832,-0.33666614574,shelter
lethal,0.01,0.8335,-0.336847776316,shelter
lethal,0.01,0.835,-0.337028066627,shelter
lethal,0.01,0.8365,-0.337207024859,shelter
lethal,0.01,0.838,-0.337384659114,shelter
lethal,0.01,0.8395,-0.337560977441,shelter
lethal,0.01,0.841,-0.337735987782,shelter
lethal,0.01,0.8425,-0.337909698057,shelter
lethal,0.01,0.844,-0.338082116123,shelter
lethal,0.01,0.8455,-0.338253249727,shelter
lethal,0.01,0.847,-0.338423106601,shelter
lethal,0.01,0.8485,-0.338591694397,shelter
lethal,0.01,0.85,-0.338759020718,shelter
lethal,0.01,0.8515,-0.338925093066,shelter
lethal,0.01,0.853,-0.339089918923,shelter
lethal,0.01,0.8545,-0.339253505697,shelter
lethal,0.01,0.856,-0.339415860747,shelter
lethal,0.01,0.8575,-0.339576991336,shelter
lethal,0.01,0.859,-0.339736904708,shelter
lethal,0.01,0.8605,-0.339895608032,shelter
lethal,0.01,0.862,-0.340053108433,shelter
lethal,0.01,0.8635,-0.340209412942,shelter
lethal,0.01,0.865,-0.340364528571,shelter
lethal,0.01,0.8665,-0.340518462263,shelter
lethal,0.01,0.868,-0.340671220913,shelter
lethal,0.01,0.8695,-0.340822811329,shelter
lethal,0.01,0.871,-0.340973240301,shelter
lethal,0.01,0.8725,-0.341122514548,shelter
lethal,0.01,0.874,-0.341270640748,shelter
lethal,0.01,0.8755,-0.341417625492,shelter
lethal,0.01,0.877,-0.341563475353,shelter
lethal,0.01,0.8785,-0.341708196838,shelter
lethal,0.01,0.88,-0.34185179641,shelter
lethal,0.01,0.8815,-0.341994280455,shelter
lethal,0.01,0.883,-0.342135655335,shelter
lethal,0.01,0.8845,-0.34227592735,shelter
lethal,0.01,0.886,-0.34241510276,shelter
lethal,0.01,0.8875,-0.342553187748,shelter
lethal,0.01,0.889,-0.342690188473,shelter
lethal,0.01,0.8905,-0.342826111038,shelter
lethal,0.01,0.892,-0.342960961503,shelter
lethal,0.01,0.8935,-0.343094745855,shelter
lethal,0.01,0.895,-0.343227470062,shelter
lethal,0.01,0.8965,-0.34335914003,shelter
lethal,0.01,0.898,-0.34348976163,shelter
lethal,0.01,0.8995,-0.34361934066,shelter
lethal,0.01,0.901,-0.343747882899,shelter
lethal,0.01,0.9025,-0.343875394067,shelter
lethal,0.01,0.904,-0.34400187985,shelter
lethal,0.01,0.9055,-0.344127345865,shelter
lethal,0.01,0.907,-0.344251797706,shelter
lethal,0.01,0.9085,-0.344375240917,shelter
lethal,0.01,0.91,-0.344497681002,shelter
lethal,0.01,0.9115,-0.344619123402,shelter
lethal,0.01,0.913,-0.344739573538,shelter
lethal,0.01,0.9145,-0.344859036777,shelter
lethal,0.01,0.916,-0.344977518451,shelter
lethal,0.01,0.9175,-0.345095023832,shelter
lethal,0.01,0.919,-0.34521155817,shelter
lethal,0.01,0.9205,-0.345327126664,shelter
lethal,0.01,0.922,-0.345441734479,shelter
lethal,0.01,0.9235,-0.345555386723,shelter
lethal,0.01,0.925,-0.34566808848,shelter
lethal,0.01,0.9265,-0.345779844789,shelter
lethal,0.01,0.928,-0.345890660653,shelter
lethal,0.01,0.9295,-0.34600054102,shelter
lethal,0.01,0.931,-0.346109490816,shelter
lethal,0.01,0.9325,-0.346217514923,shelter
lethal,0.01,0.934,-0.346324618183,shelter
lethal,0.01,0.9355,-0.346430667958,shelter
lethal,0.01,0.937,-0.34653576407,shelter
lethal,0.01,0.9385,-0.346639951487,shelter
lethal,0.01,0.94,-0.346743234894,shelter
lethal,0.01,0.9415,-0.346845618936,shelter
lethal,0.01,0.943,-0.346947108222,shelter
lethal,0.01,0.9445,-0.347047707307,shelter
lethal,0.01,0.946,-0.347147420733,shelter
lethal,0.01,0.9475,-0.347246252996,shelter
lethal,0.01,0.949,-0.347344208566,shelter
lethal,0.01,0.9505,-0.347441291855,shelter
lethal,0.01,0.952,-0.347537507263,shelter
lethal,0.01,0.9535,-0.347632859155,shelter
lethal,0.01,0.955,-0.347727351839,shelter
lethal,0.01,0.9565,-0.347820989613,shelter
lethal,0.01,0.958,-0.347913776735,shelter
lethal,0.01,0.9595,-0.348005717431,shelter
lethal,0.01,0.961,-0.348096815879,shelter
lethal,0.01,0.9625,-0.348187076244,shelter
lethal,0.01,0.964,-0.34827650265,shelter
lethal,0.01,0.9655,-0.348365099194,shelter
lethal,0.01,0.967,-0.348452869925,shelter
lethal,0.01,0.9685,-0.348539818879,shelter
lethal,0.01,0.97,-0.348625950053,shelter
lethal,0.01,0.9715,-0.348711267417,shelter
lethal,0.01,0.973,-0.348795774897,shelter
lethal,0.01,0.9745,-0.348879476405,shelter
lethal,0.01,0.976,-0.348962375816,shelter
lethal,0.01,0.9775,-0.349044476968,shelter
lethal,0.01,0.979,-0.348951655319,shelter
lethal,0.01,0.9805,-0.348853868722,shelter
lethal,0.01,0.982,-0.348753296055,shelter
lethal,0.01,0.9835,-0.348649927739,shelter
lethal,0.01,0.985,-0.348543754102,shelter
lethal,0.01,0.9865,-0.348434765378,shelter
lethal,0.01,0.988,-0.348322951703,shelter
lethal,0.01,0.9895,-0.291811424976,shelter
lethal,0.01,0.991,-0.19762978227,shelter
lethal,0.01,0.9925,-0.102186051227,shelter
lethal,0.01,0.994,-0.00555815209069,shelter
lethal,0.01,0.9955,0.0922582963309,corridor
lethal,0.01,0.997,0.191279260522,corridor
lethal,0.01,0.9985,0.291514244087,corridor
lethal,0.01,1,0.364516237801,corridor
lethal,0.1,0.55,-0.413662764392,shelter
lethal,0.1,0.5515,-0.414687310301,shelter
lethal,0.1,0.553,-0.41570114254,shelter
lethal,0.1,0.5545,-0.41670431269,shelter
lethal,0.1,0.556,-0.417696872401,shelter
lethal,0.1,0.5575,-0.418678873275,shelter
lethal,0.1,0.559,-0.419650366925,shelter
lethal,0.1,0.5605,-0.42061140493,shelter
lethal,0.1,0.562,-0.421562038898,shelter
lethal,0.1,0.5635,-0.422502320349,shelter
lethal,0.1,0.565,-0.42343230078,shelter
lethal,0.1,0.5665,-0.424352031616,shelter
lethal,0.1,0.568,-0.425261564277,shelter
lethal,0.1,0.5695,-0.426160950063,shelter
lethal,0.1,0.571,-0.427050240215,shelter
lethal,0.1,0.5725,-0.427929485872,shelter
lethal,0.1,0.574,-0.42879873814,shelter
lethal,0.1,0.5755,-0.429658047972,shelter
lethal,0.1,0.577,-0.430507466234,shelter
lethal,0.1,0.5785,-0.431347043662,shelter
lethal,0.1,0.58,-0.432176830935,shelter
lethal,0.1,0.5815,-0.432996878548,shelter
lethal,0.1,0.583,-0.433807236869,shelter
lethal,0.1,0.5845,-0.434607956188,shelter
lethal,0.1,0.586,-0.435399086596,shelter
lethal,0.1,0.5875,-0.436180678039,shelter
lethal,0.1,0.589,-0.436952780369,shelter
lethal,0.1,0.5905,-0.437715443226,shelter
lethal,0.1,0.592,-0.438468716087,shelter
lethal,0.1,0.5935,-0.439212648321,shelter
lethal,0.1,0.595,-0.439947289072,shelter
lethal,0.1,0.5965,-0.440672687307,shelter
lethal,0.1,0.598,-0.441388891873,shelter
lethal,0.1,0.5995,-0.442095951379,shelter
lethal,0.1,0.601,-0.442793914243,shelter
lethal,0.1,0.6025,-0.443482828758,shelter
lethal,0.1,0.604,-0.44416274296,shelter
lethal,0.1,0.6055,-0.444833704689,shelter
lethal,0.1,0.607,-0.445495761646,shelter
lethal,0.1,0.6085,-0.44614896127,shelter
lethal,0.1,0.61,-0.44679335079,shelter
lethal,0.1,0.6115,-0.447428977292,shelter
lethal,0.1,0.613,-0.448055887565,shelter
lethal,0.1,0.6145,-0.448674128267,shelter
lethal,0.1,0.616,-0.44928374578,shelter
lethal,0.1,0.6175,-0.449884786264,shelter
lethal,0.1,0.619,-0.450477295721,shelter
lethal,0.1,0.6205,-0.45106131985,shelter
lethal,0.1,0.622,-0.451636904201,shelter
lethal,0.1,0.6235,-0.452204094043,shelter
lethal,0.1,0.625,-0.452762934409,shelter
lethal,0.1,0.6265,-0.453313470168,shelter
lethal,0.1,0.628,-0.453855745873,shelter
lethal,0.1,0.6295,-0.454389805925,shelter
lethal,0.1,0.631,-0.454915694409,shelter
lethal,0.1,0.6325,-0.455433455255,shelter
lethal,0.1,0.634,-0.455943132094,shelter
lethal,0.1,0.6355,-0.456444768318,shelter
lethal,0.1,0.637,-0.456938407142,shelter
lethal,0.1,0.6385,-0.457424091456,shelter
lethal,0.1,0.64,-0.457901863994,shelter
lethal,0.1,0.6415,-0.458371767161,shelter
lethal,0.1,0.643,-0.458833843205,shelter
lethal,0.1,0.6445,-0.459288134066,shelter
lethal,0.1,0.646,-0.459734681439,shelter
lethal,0.1,0.6475,-0.460173526839,shelter
lethal,0.1,0.649,-0.460604711448,shelter
lethal,0.1,0.6505,-0.461028276292,shelter
lethal,0.1,0.652,-0.461444262059,shelter
lethal,0.1,0.6535,-0.461852709281,shelter
lethal,0.1,0.655,-0.462253658154,shelter
lethal,0.1,0.6565,-0.462647148717,shelter
lethal,0.1,0.658,-0.463033220672,shelter
lethal,0.1,0.6595,-0.463411913562,shelter
lethal,0.1,0.661,-0.463783266595,shelter
lethal,0.1,0.6625,-0.464147318821,shelter
lethal,0.1,0.664,-0.464504108953,shelter
lethal,0.1,0.6655,-0.464853675547,shelter
lethal,0.1,0.667,-0.465196056823,shelter
lethal,0.1,0.6685,-0.465531290842,shelter
lethal,0.1,0.67,-0.465859415332,shelter
lethal,0.1,0.6715,-0.466180467863,shelter
lethal,0.1,0.673,-0.46649448567,shelter
lethal,0.1,0.6745,-0.466801505833,shelter
lethal,0.1,0.676,-0.467101565097,shelter
lethal,0.1,0.6775,-0.467394700051,shelter
lethal,0.1,0.679,-0.467680946952,shelter
lethal,0.1,0.6805,-0.467960341905,shelter
lethal,0.1,0.682,-0.468232920678,shelter
lethal,0.1,0.6835,-0.468498718891,shelter
lethal,0.1,0.685,-0.468757771829,shelter
lethal,0.1,0.6865,-0.469010114629,shelter
lethal,0.1,0.688,-0.469255782095,shelter
lethal,0.1,0.6895,-0.469494808884,shelter
lethal,0.1,0.691,-0.469727229321,shelter
lethal,0.1,0.6925,-0.469953077564,shelter
lethal,0.1,0.694,-0.470172387531,shelter
lethal,0.1,0.6955,-0.470385192838,shelter
lethal,0.1,0.697,-0.470591526953,shelter
lethal,0.1,0.6985,-0.47079142302,shelter
lethal,0.1,0.7,-0.470984914041,shelter
lethal,0.1,0.7015,-0.471172032691,shelter
lethal,0.1,0.703,-0.471352811508,shelter
lethal,0.1,0.7045,-0.471527282702,shelter
lethal,0.1,0.706,-0.471695478327,shelter
lethal,0.1,0.7075,-0.471857430201,shelter
lethal,0.1,0.709,-0.472013169853,shelter
lethal,0.1,0.7105,-0.47216272867,shelter
lethal,0.1,0.712,-0.472306137722,shelter
lethal,0.1,0.7135,-0.472443427948,shelter
lethal,0.1,0.715,-0.472574629967,shelter
lethal,0.1,0.7165,-0.472699774247,shelter
lethal,0.1,0.718,-0.47281889103,shelter
lethal,0.1,0.7195,-0.472932010272,shelter
lethal,0.1,0.721,-0.473039161798,shelter
lethal,0.1,0.7225,-0.473140375123,shelter
lethal,0.1,0.724,-0.473235679636,shelter
lethal,0.1,0.7255,-0.473325104414,shelter
lethal,0.1,0.727,-0.473408678395,shelter
lethal,0.1,0.7285,-0.473486430293,shelter
lethal,0.1,0.73,-0.473558388546,shelter
lethal,0.1,0.7315,-0.47362458147,shelter
lethal,0.1,0.733,-0.473685037075,shelter
lethal,0.1,0.7345,-0.473739783236,shelter
lethal,0.1,0.736,-0.473788847612,shelter
lethal,0.1,0.7375,-0.47383225759,shelter
lethal,0.1,0.739,-0.473870040441,shelter
lethal,0.1,0.7405,-0.473902223137,shelter
lethal,0.1,0.742,-0.473928832519,shelter
lethal,0.1,0.7435,-0.473949895221,shelter
lethal,0.1,0.745,-0.473965437606,shelter
lethal,0.1,0.7465,-0.473975485909,shelter
lethal,0.1,0.748,-0.473980066161,shelter
lethal,0.1,0.7495,-0.473979204129,shelter
lethal,0.1,0.751,-0.473972925474,shelter
lethal,0.1,0.7525,-0.473961255566,shelter
lethal,0.1,0.754,-0.473944219656,shelter
lethal,0.1,0.7555,-0.473921842795,shelter
lethal,0.1,0.757,-0.473894149776,shelter
lethal,0.1,0.7585,-0.473861165269,shelter
lethal,0.1,0.76,-0.473822913752,shelter
lethal,0.1,0.7615,-0.473779419449,shelter
lethal,0.1,0.763,-0.473730706488,shelter
lethal,0.1,0.7645,-0.473676798713,shelter
lethal,0.1,0.766,-0.47361771986,shelter
lethal,0.1,0.7675,-0.473553493477,shelter
lethal,0.1,0.769,-0.473484142858,shelter
lethal,0.1,0.7705,-0.473409691189,shelter
lethal,0.1,0.772,-0.473330161472,shelter
lethal,0.1,0.7735,-0.473245576463,shelter
lethal,0.1,0.775,-0.473155958809,shelter
lethal,0.1,0.7765,-0.473061330978,shelter
lethal,0.1,0.778,-0.472961715195,shelter
lethal,0.1,0.7795,-0.47285713358,shelter
lethal,0.1,0.781,-0.472747608079,shelter
lethal,0.1,0.7825,-0.472633160396,shelter
lethal,0.1,0.784,-0.472513812136,shelter
lethal,0.1,0.7855,-0.47238958473,shelter
lethal,0.1,0.787,-0.472260499375,shelter
lethal,0.1,0.7885,-0.47212657717,shelter
lethal,0.1,0.79,-0.471987839042,shelter
lethal,0.1,0.7915,-0.47184430569,shelter
lethal,0.1,0.793,-0.471695997718,shelter
lethal,0.1,0.7945,-0.471542935561,shelter
lethal,0.1,0.796,-0.47138513943,shelter
lethal,0.1,0.7975,-0.471222629443,shelter
lethal,0.1,0.799,-0.471055425555,shelter
lethal,0.1,0.8005,-0.470883547497,shelter
lethal,0.1,0.802,-0.470707014914,shelter
lethal,0.1,0.8035,-0.470525847288,shelter
lethal,0.1,0.805,-0.470340063883,shelter
lethal,0.1,0.8065,-0.470149683878,shelter
lethal,0.1,0.808,-0.469954726296,shelter
lethal,0.1,0.8095,-0.469755209941,shelter
lethal,0.1,0.811,-0.469551153538,shelter
lethal,0.1,0.8125,-0.46934257566,shelter
lethal,0.1,0.814,-0.46912949466,shelter
lethal,0.1,0.8155,-0.468911928819,shelter
lethal,0.1,0.817,-0.468689896247,shelter
lethal,0.1,0.8185,-0.468463414926,shelter
lethal,0.1,0.82,-0.468232502634,shelter
lethal,0.1,0.8215,-0.467997177071,shelter
lethal,0.1,0.823,-0.467757455792,shelter
lethal,0.1,0.8245,-0.467513356146,shelter
lethal,0.1,0.826,-0.467264895413,shelter
lethal,0.1,0.8275,-0.46701209073,shelter
lethal,0.1,0.829,-0.466754959027,shelter
lethal,0.1,0.8305,-0.466493517172,shelter
lethal,0.1,0.832,-0.46622778187,shelter
lethal,0.1,0.8335,-0.465957769711,shelter
lethal,0.1,0.835,-0.46568349709,shelter
lethal,0.1,0.8365,-0.465404980336,shelter
lethal,0.1,0.838,-0.465122235642,shelter
lethal,0.1,0.8395,-0.464835279005,shelter
lethal,0.1,0.841,-0.464544126363,shelter
lethal,0.1,0.8425,-0.4642487935,shelter
lethal,0.1,0.844,-0.463949296092,shelter
lethal,0.1,0.8455,-0.463645649626,shelter
lethal,0.1,0.847,-0.46333786953,shelter
lethal,0.1,0.8485,-0.463025971104,shelter
lethal,0.1,0.85,-0.462709969458,shelter
lethal,0.1,0.8515,-0.462389879649,shelter
lethal,0.1,0.853,-0.462065716588,shelter
lethal,0.1,0.8545,-0.461737495083,shelter
lethal,0.1,0.856,-0.461405229762,shelter
lethal,0.1,0.8575,-0.461068935199,shelter
lethal,0.1,0.859,-0.460728625824,shelter
lethal,0.1,0.8605,-0.460384315971,shelter
lethal,0.1,0.862,-0.4600360198,shelter
lethal,0.1,0.8635,-0.459683751413,shelter
lethal,0.1,0.865,-0.4593275248,shelter
lethal,0.1,0.8665,-0.458967353771,shelter
lethal,0.1,0.868,-0.45860325209,shelter
lethal,0.1,0.8695,-0.458235233388,shelter
lethal,0.1,0.871,-0.457863311203,shelter
lethal,0.1,0.8725,-0.457487498899,shelter
lethal,0.1,0.874,-0.457107809799,shelter
lethal,0.1,0.8755,-0.456724257092,shelter
lethal,0.1,0.877,-0.45633685388,shelter
lethal,0.1,0.8785,-0.455945613097,shelter
lethal,0.1,0.88,-0.455550547635,shelter
lethal,0.1,0.8815,-0.455151670257,shelter
lethal,0.1,0.883,-0.454748993623,shelter
lethal,0.1,0.8845,-0.454342530305,shelter
lethal,0.1,0.886,-0.453932292723,shelter
lethal,0.1,0.8875,-0.453518293245,shelter
lethal,0.1,0.889,-0.453100544122,shelter
lethal,0.1,0.8905,-0.45267905752,shelter
lethal,0.1,0.892,-0.452253845454,shelter
lethal,0.1,0.8935,-0.451824919894,shelter
lethal,0.1,0.895,-0.451392292694,shelter
lethal,0.1,0.8965,-0.450955975624,shelter
lethal,0.1,0.898,-0.450515980311,shelter
lethal,0.1,0.8995,-0.450072318336,shelter
lethal,0.1,0.901,-0.449625001168,shelter
lethal,0.1,0.9025,-0.449174040196,shelter
lethal,0.1,0.904,-0.448719446668,shelter
lethal,0.1,0.9055,-0.448261231791,shelter
lethal,0.1,0.907,-0.447799406659,shelter
lethal,0.1,0.9085,-0.447333982278,shelter
lethal,0.1,0.91,-0.446864969573,shelter
lethal,0.1,0.9115,-0.446392379342,shelter
lethal,0.1,0.913,-0.445916222334,shelter
lethal,0.1,0.9145,-0.445436509196,shelter
lethal,0.1,0.916,-0.444953250498,shelter
lethal,0.1,0.9175,-0.444466456684,shelter
lethal,0.1,0.919,-0.443976138155,shelter
lethal,0.1,0.9205,-0.443482305209,shelter
lethal,0.1,0.922,-0.442984968061,shelter
lethal,0.1,0.9235,-0.44248413685,shelter
lethal,0.1,0.925,-0.4419798216,shelter
lethal,0.1,0.9265,-0.441472032286,shelter
lethal,0.1,0.928,-0.440960778788,shelter
lethal,0.1,0.9295,-0.440446070917,shelter
lethal,0.1,0.931,-0.439927918365,shelter
lethal,0.1,0.9325,-0.439406330782,shelter
lethal,0.1,0.934,-0.438881317727,shelter
lethal,0.1,0.9355,-0.438352888676,shelter
lethal,0.1,0.937,-0.437821053039,shelter
lethal,0.1,0.9385,-0.437285820115,shelter
lethal,0.1,0.94,-0.436747199161,shelter
lethal,0.1,0.9415,-0.436205199344,shelter
lethal,0.1,0.943,-0.435659829765,shelter
lethal,0.1,0.9445,-0.435111099416,shelter
lethal,0.1,0.946,-0.43455901725,shelter
lethal,0.1,0.9475,-0.434003592134,shelter
lethal,0.1,0.949,-0.433444832861,shelter
lethal,0.1,0.9505,-0.432882748157,shelter
lethal,0.1,0.952,-0.43231734665,shelter
lethal,0.1,0.9535,-0.431748636925,shelter
lethal,0.1,0.955,-0.431176627485,shelter
lethal,0.1,0.9565,-0.430601326761,shelter
lethal,0.1,0.958,-0.430022743125,shelter
lethal,0.1,0.9595,-0.429440884848,shelter
lethal,0.1,0.961,-0.428855760164,shelter
lethal,0.1,0.9625,-0.428267377226,shelter
lethal,0.1,0.964,-0.427675744121,shelter
lethal,0.1,0.9655,-0.427080868872,shelter
lethal,0.1,0.967,-0.426482759416,shelter
lethal,0.1,0.9685,-0.425881423644,shelter
lethal,0.1,0.97,-0.425276869375,shelter
lethal,0.1,0.9715,-0.424669104361,shelter
lethal,0.1,0.973,-0.424058136298,shelter
lethal,0.1,0.9745,-0.423443972792,shelter
lethal,0.1,0.976,-0.42282662141,shelter
lethal,0.1,0.9775,-0.422200443748,shelter
lethal,0.1,0.979,-0.421559709186,shelter
lethal,0.1,0.9805,-0.420915609217,shelter
lethal,0.1,0.982,-0.420268149849,shelter
lethal,0.1,0.9835,-0.419617337067,shelter
lethal,0.1,0.985,-0.418963176777,shelter
lethal,0.1,0.9865,-0.418305674816,shelter
lethal,0.1,0.988,-0.417644836972,shelter
lethal,0.1,0.9895,-0.416980668926,shelter
lethal,0.1,0.991,-0.416313176337,shelter
lethal,0.1,0.9925,-0.415642364788,shelter
lethal,0.1,0.994,-0.414968239796,shelter
lethal,0.1,0.9955,-0.414290806828,shelter
lethal,0.1,0.997,-0.413610071249,shelter
lethal,0.1,0.9985,-0.412926038406,shelter
lethal,0.1,1,-0.412238713567,shelter
